电影名,电影年份,上映时间,电影类型,电影时长,用户评分,语言,导演,作者,宣传标语,简介
不期而遇的姐妹,,2026-03-12,"喜剧,爱情",85,90,西班牙语,Ihtzi Hurtado,Paulina Barros,简介,两位女子发现自己被同一个男人欺骗，且两人都被他弄怀孕了。于是她们联手展开报复。
奇幻变身大冒险,2026,2026-05-01,"冒险,动画,家庭,奇幻",102,89,英语,内森·格雷诺,约翰·惠廷顿,Transform your destiny.,森林中的一个小生物和一只高贵的鸟突然互换了身体，他们不得不结伴而行，共同应对此生最疯狂的冒险。
肖申克的救赎,1994,1994-09-23,"剧情,犯罪",142,87,英语,弗兰克·德拉邦特,斯蒂芬·金,恐惧会将你囚禁，希望则能让你获得自由。,安迪·杜佛兰被错判谋杀妻子及其情人，在缅因州肖申克服刑，判处两项无期徒刑接连执行。影片背景设定于1940年代，展现安迪如何在残酷的监狱环境中艰难求生，甚至赢得狱友们的敬重——尤其是与老囚徒“瑞德”·雷丁之间深厚的友谊。
迈克尔·杰克逊：巨星之路,2026,2026-04-24,"音乐,剧情",136,87,英语,安东尼·福奎阿,约翰·洛根,Discover the making of a king.,本片将通过一段从未展现过的深度视角，真实记录传奇巨星迈克尔·杰克逊的复杂人生。影片不仅再现了他最具标志性的艺术表演瞬间，更深入挖掘了他的内心世界——从天才神童的成长阵痛到全球偶像背后的争议与坚韧，全面呈现这位伟大艺术家的辉煌与坎坷。
教父,1972,1972-03-24,"剧情,犯罪",175,87,英语,弗朗西斯·科波拉,马里奥·普佐,一份你无法拒绝的邀约。,40年代的美国，“教父”维托·唐·柯里昂是黑手党柯里昂家族的首领，带领家族从事非法的勾当，但同时他也是许多弱小平民的保护神，深得人们爱戴。因为拒绝了毒枭索洛索的毒品交易要求，柯里昂家族和纽约其他几个黑手党家族的矛盾激化、圣诞前夕，索洛索劫持了“教父”的参谋汤姆，并派人暗杀“教父”；因为内奸的出卖，“教父”的大儿子逊尼被仇家杀害；小儿子麦克也被卷了进来，失去爱妻。黑手党家族之间的矛盾越来越白热化。年老的“教父”面对丧子之痛怎样统领全局？黑手党之间的仇杀如何落幕？谁是家族的内奸？谁又能够成为新一代的“教父”？血雨腥风和温情脉脉，在这部里程碑式的黑帮史诗巨片里真实上演。
挽救计划,,2026-03-20,"科幻,冒险",157,87,英语,克里斯托弗·米勒,菲尔·洛德,信念是暗夜唯一的光,太阳正在被“吃”掉，绝望吞噬着地球。一名“平凡”的中学教师背负全人类的希望，踏上“太空不归路”。末路孤旅中，他意外遇到一位外星萌友，一个同样身陷绝境的外星工程师，这对“宇宙搭子”成了两个文明最后的救命稻草。他们能否在资源紧缺的情况下攻克重重科学谜题，寻回唯一的希望火种？
教父2,1974,1974-12-20,"剧情,犯罪",200,86,英语,弗朗西斯·科波拉,马里奥·普佐,柯里昂帝国的兴衰史。,作为《教父》的续篇，影片延续了科莱昂家族两代权力交替的史诗。科波拉在第二部分中讲述了两条故事线：由罗伯特·德尼罗以非凡演技演绎的年轻教父维托的根源与崛起，以及迈克尔（阿尔·帕西诺饰）作为新任教父的上位之路。
辛德勒的名单,1993,2019-04-06,"剧情,历史,战争",195,86,英语,史蒂文·斯皮尔伯格,托马斯·肯尼利,谁拯救了一条生命，谁就拯救了整个世界。,1939年，波兰在纳粹德国的统治下，党卫军对犹太人进行了隔离统治。德国商人奥斯卡·辛德勒（连姆·尼森 Liam Neeson 饰）来到德军统治下的克拉科夫，开设了一间搪瓷厂，生产军需用品。凭着出众的社交能力和大量的金钱，辛德勒和德军建立了良好的关系，他的工厂雇用犹太人工作，大发战争财。
十二怒汉,1957,1957-04-10,剧情,96,86,英语,雷金纳德·罗斯,西德尼·吕美特,命悬其手，死视其意,西德尼·吕美特执导的本片堪称电影史上最颠覆的法庭剧。这部改编自雷金纳德·罗斯电视剧的经典之作，以密室内群像戏的精炼笔法，透视美国司法体系的肌理，张力十足。亨利·方达饰演的异议者，在由白人男性组成的陪审团中孤身抗辩——其余成员皆急于裁定被控弑父的波多黎各少年有罪。故事在一个闷热的午后、一间汗流浃背的房间里层层推进，最终凝聚成一部史诗规模的思辨传奇。吕美特这部震撼人心的导演处女作，精准捕捉了1950年代美国社会变革的前夜，成就了影史不朽的首作丰碑。
千与千寻,2001,2019-06-21,"动画,家庭,奇幻",125,85,日语,宫崎骏,,隧道的另一头，是不可思议的小镇。,小女孩千寻被困在一个陌生的精灵世界。当她的父母发生神秘变化后，她必须鼓起自己从未发现的勇气，才能解救自己，并将家人带回外面的世界。
蝙蝠侠：黑暗骑士,2008,2018-04-07,"动作,犯罪,惊悚",152,85,英语,克里斯托弗·诺兰,鲍勃·凯恩,黎明前的夜是最黑暗的！,蝙蝠侠在打击犯罪的战争中加大了赌注。在吉姆·戈登警长与地方检察官哈维·丹特的协助下，蝙蝠侠决心清除肆虐哥谭街头的残余犯罪组织。这一联手行动卓有成效，但他们很快发现自己沦为了一场混沌统治的猎物——这场混乱由一位新兴犯罪大师所掀动，惶恐的哥谭市民称他为“小丑”。[华纳兄弟影业]
幸运有八只触手,2026,2026-05-08,"剧情,悬疑",111,85,英语,奥利维亚·纽曼,约翰·惠廷顿,Brighter together.,一名寡妇在小镇水族馆值夜班，与一只聪明的章鱼及一个迷茫的年轻人培养出独特情谊。
勇夺芳心,1995,1995-10-20,"喜剧,剧情,爱情",190,85,印地语,Aditya Chopra,,"Come… fall In love, all over again…",乔德利和妻子结婚多年，一直十分恩爱。两人共同养育了两个女儿希姆莱和图吉，两个姑娘都出落得亭亭玉立。一晃眼，希姆莱就到了该嫁人的年纪了，尽管乔德利一家人已经在伦敦生活了二十多年了，但乔德利骨子里依旧是一个传统的印度人。乔德利将希姆莱许配给了朋友的儿子库杰，这让希姆莱感到十分不满。一次偶然中，希姆莱邂逅了名为拉杰的印度男子，尽管拉杰为人轻浮，油腔滑调，但希姆莱还是同他坠入了情网。得知此事的乔德利举家迁回了印度，拉杰亦紧跟其后，他要如何才能获得乔德利的认可呢？
绿里奇迹,1999,1999-12-10,"奇幻,剧情,犯罪",189,85,英语,弗兰克·德拉邦特,斯蒂芬·金,保罗·埃奇康姆从不相信奇迹。直到他遇见奇迹的那一天。,1935年。美国南部惨淡肃杀的冷山监狱。这里有片一英里长的绿地，人们叫它“绿里”。不过，它的居民皆为死囚，在绿地的另一头，便是行刑用的电椅。保罗·艾治科姆（汤姆·汉 克斯饰）是这里的狱监，对于走过“绿里”、继而在电椅上惨叫毙命的死囚行刑程序，他俨然已无动于衷。除了保罗及其爱妻简外，“绿里”上还有凶残的副狱监豪威尔，有施虐倾向 的狱吏佩西，良心未泯的看守海尔和他身患绝症的妻子美琳达，喜用宠物鼠逗狱吏和诸“难友”取乐的德拉克，连环杀人狂威廉，负疚深重的犯人彼特等一干形形色色的人们。他们之 间充满了敌意和不屑。但神秘的约翰·考夫利的到来改变了一切。考夫利因谋杀两名幼女被 判死罪，他相貌恐怖，体形硕大，却出奇地平和、敏感而缄默，天真时甚至像个孩子，同时， 他似乎还具有一种不可名状的神秘力量，令人不由自主地对其产生信任感，这不禁让艾治科姆对其罪行是否属实深怀疑问。 真情无法取代程式，考夫利终要走过“绿里”。在这个貌似粗鲁的男人即将赴死的刹那，“绿里”上的人们以不同以往的形式实现了各自生命的重要跨越。
指环王3：王者无敌,2003,2004-03-15,"冒险,奇幻,动作",263,85,英语,彼得·杰克逊,J.R.R.托尔金,敌人的邪眼在移动！,索伦大军为剿灭人类种族，已对刚铎都城米那斯提力斯展开围攻。这座昔日的伟大王国由一位日渐衰弱的摄政王守护，此刻比任何时候都更需要它的王者归来。但阿拉贡能否回应血脉的召唤，成为命定之君？中土世界的命运，正系于他宽阔的双肩。
保护者,2026,2026-03-06,"动作,惊悚",92,85,英语,阿德里安·格鲁伯格,Mun-Bong Seub,Mother. Savior. Killer...,退役军人尼基与女儿克洛伊平静生活，却在废弃工厂醒来后发现女儿遭绑架，她必须重返黑暗世界，对抗人贩子、警察与军方，在72小时黄金救援期内救回女儿。
寄生虫,2019,2019-07-28,"喜剧,惊悚,剧情",132,85,朝鲜语,奉俊昊,韩进元,表现得好像这个地方是你的似的。,这部定义时代精神的惊世之作，将全球范围内对阶级不平等的审视浓缩为一场流行电影的反叛风暴。奉俊昊导演以这部打破类型桎梏的黑色喜剧惊悚片，奠定了其世界顶尖电影作者的地位。故事聚焦首尔的两个家庭——一户在低洼社区潮湿半地下室里挣扎求生的底层家庭，另一户则居住于可俯瞰城市的现代建筑奇观中尽享奢华。当两家人的命运因危险关系交织在一起时，资本主义的黑暗裂隙以惊人之势被彻底撕裂。影片凭借导演精心构建的戏剧场景、出色的群像演绎与震撼的视觉设计，成为一部技艺卓绝的典范之作。从戛纳到奥斯卡，横扫几乎所有国际至高奖项，更以首部非英语片问鼎最佳影片的历史性突破，宣告韩国新电影已成为不可忽视的世界力量。
要不要做我儿子？,2023,2023-09-21,"喜剧,爱情",140,85,英语,Ihtzi Hurtado,,简介,四十岁的卢发现相伴十五年的伴侣出轨，生活瞬间崩塌。她在重建自我的过程中，与一位年轻放浪的男子产生了出乎意料的关系。
星际穿越,2014,2014-11-12,"冒险,剧情,科幻",169,85,英语,克里斯托弗·诺兰,乔纳森·诺兰,人类的下一步将迈向非凡！,近未来的地球黄沙遍野，小麦、秋葵等基础农作物相继因枯萎病灭绝，人类不再像从前那样仰望星空，放纵想象力和灵感的迸发，而是每日在沙尘暴的肆虐下倒数着所剩不多的光景。在家务农的前NASA宇航员库珀接连在女儿墨菲的书房发现奇怪的重力场现象，随即得知在某个未知区域内前NASA成员仍秘密进行一个拯救人类的计划。多年以前土星附近出现神秘虫洞，NASA借机将数名宇航员派遣到遥远的星系寻找适合居住的星球。在布兰德教授的劝说下，库珀忍痛告别了女儿，和其他三名专家教授女儿艾米莉亚·布兰德、罗米利、多伊尔搭乘宇宙飞船前往目前已知的最有希望的三颗星球考察。他们穿越遥远的星系银河，感受了一小时七年光阴的沧海桑田，窥见了未知星球和黑洞的壮伟与神秘。在浩瀚宇宙的绝望而孤独角落，总有一份超越了时空的笃定情怀将他们紧紧相连……
你的名字。,2016,2016-12-02,"动画,爱情,剧情",106,85,日语,新海诚,,我正在寻觅未曾相识的你。,彗星降临之夜，两个生命的轨迹就此改变。高中生三叶与泷本是素不相识的陌生人，过着各自的生活。然而某夜，他们突然互换了身体——三叶在泷的身体中醒来，泷则进入了她的人生。这种奇异的现象持续随机发生，两人不得不互相迁就，调整生活节奏。出人意料的是，他们渐渐磨合出默契，通过留言、讯息，更重要的是，通过留在彼此生命中的印记建立起联结。当璀璨的彗星点亮夜空时，他们终于醒悟：渴望从这份羁绊中获得更多——一个真正见面的机会，一次真正了解彼此的相遇。他们牵起命运的丝线，试图寻找通向对方的路。然而阻隔他们的，不仅仅是距离。这份牵绊，是否足以对抗时间残酷的捉弄？抑或他们的相遇，终究只是对星辰许下的愿望？[FUNimation]
低俗小说,1994,2024-04-18,"惊悚,犯罪,喜剧",154,85,英语,昆汀·塔伦蒂诺,罗杰·阿瓦里,仅仅因为你是一个角色并不意味着你有角色。,由序幕、尾声及三个独立又环环相扣的故事构成。早餐店两名劫匪打劫时，偶遇黑道打手朱尔斯与文森特；文森特奉命陪伴老大马沙的妻子，深陷诱惑困境；拳击手布奇因祖传金表，和马沙结下恩怨。
Selena Gomez: My Mind & Me,2022,2022-11-02,"纪录,音乐",95,85,-,阿莱克·凯西西恩,Paul Marchand,"Every breath, a breakthrough.",在聚光灯下多年之后，赛琳娜·戈麦斯获得了难以想象的明星地位。但就在她到达一个新的高峰时，一个意外的转折把她拉进了黑暗。这部独特的、亲密的纪录片跨越了她六年的旅程，展现了她新的光芒。
每个人的每件事,2019,2019-03-10,纪录,116,85,英语,Sebastian Jones,Ramez Silyan,简介,从 Lil Peep卧室录制歌曲到全球巡回演出，以及他留下的巨大影响。
黄金三镖客,1966,2018-04-16,西部,161,85,意大利语,赛尔乔·莱昂内,卢西亚诺·文森佐尼,对这三人来说内战不是地狱，是天堂。,对三个男人而言，内战并非地狱……而只是热身！克林特·伊斯特伍德再度化身“无名客”，此番联手两名枪手，共同追寻一批价值20万美元的黄金，决不让任何人阻挡——哪怕是内战中的交战派系。
阿甘正传,1994,2020-08-25,"喜剧,剧情,爱情",142,85,英语,罗伯特·泽米吉斯,温斯顿·格鲁姆,人生就像一盒巧克力，你永远不知道下一块会是什么味道,透过被命运眷顾的单纯者阿甘的双眼，全景式展现了美国历史上动荡的三十年。
电锯人剧场版：蕾塞篇,2025,2025-09-19,"动画,动作,爱情,奇幻",100,85,日语,吉原达矢,濑古浩司,活出你的人生本色……并让它精彩纷呈。,故事延续TV动画的最终章，讲述男主角电次在偶然邂逅的神秘少女蕾塞的庇护下，在快节奏的战斗中，奔向难以预测的命运。  电次，一个少年，与“电锯恶魔”签订契约，化身“电锯人”，成为隶属于公安部魔物对策特别课四课的魔物猎人，与魔物战斗。正兴奋地等待着与心仪的女性、公安部上司玛奇玛约会，却遭遇突如其来的暴雨，不得不在雨中避雨。在避雨的过程中，他邂逅了名为蕾塞的少女。在附近咖啡馆工作的蕾塞对电次露出了和善的笑容，两人迅速成为了好朋友。这次邂逅标志着电次的日常生活发生了重大改变。
好家伙,1990,1990-09-19,"剧情,犯罪",145,85,英语,马丁·斯科塞斯,尼古拉斯·皮莱吉,在黑手党中度过的三十年人生。,本片根据真实故事改编，讲述了纽约黑手党血腥的江湖恩怨，把所谓的“江湖道义”还原为人性的丑陋与贪婪。
大卫·爱登堡：地球上的一段生命旅程,2020,2020-09-28,"纪录,剧情",83,85,英语,Jonathan Hughes,Keith Scholey,简介,大卫·爱登堡讲述了他的一生以及地球上生命的进化史，以此来哀悼自然栖息地的消失，并表达了对未来的愿景。
七武士,1954,1954-04-26,"动作,剧情",207,85,日语,黑泽明,桥本忍,在悬念和场面方面无与伦比！,这部影史最具震撼力的史诗巨制，讲述十六世纪某村庄的绝望村民雇佣七位武士抵御山贼侵袭的故事。黑泽明历时三个多小时的银幕征程，通过传奇演员三船敏郎与志村乔的演绎，将哲学沉思与娱乐观赏、细腻人情与激烈战斗完美交融，铸就这部关于勇气与希望的丰碑之作——其故事之丰饶、意境之深远，令人过目难忘。
切腹,1962,1962-09-15,"动作,剧情,历史",135,84,-,小林正树,安彦滉,男人的尊严，男人的挣扎。,家族没落后，失业武士仲代达矢来到井伊藩主的宅邸，请求允许他在此切腹自尽。藩主家臣认定这名走投无路的浪人只是想讨份差事，遂逼迫他当场切腹——却低估了他坚守的信念与对尊严的执着。本片由小林正树执导，荣获戛纳电影节评委会特别奖，以凌厉笔触刻画了个体在腐朽伪善体制下的抗争。
萤火虫之墓,1988,1988-04-16,"动画,剧情,战争",89,84,日语,高畑勋,,为何萤火虫的生命如此短暂？,在二战期间的日本，一对年幼的兄妹挣扎求生的故事。
美丽人生,1997,1997-12-20,"喜剧,剧情",116,84,意大利语,罗伯托·贝尼尼,文森佐·塞拉米,最美丽的谎言。,犹太青年圭多（罗伯托·贝尼尼 Roberto Benigni 饰）邂逅美丽的女教师多拉（尼可莱塔·布拉斯基 Nicoletta Braschi 饰），他彬彬有礼的向多拉鞠躬：“早安！公主！”。历经诸多令人啼笑皆非的周折后，天遂人愿，两人幸福美满的生活在一起。然而好景不长，法西斯政权下，圭多和儿子被强行送往犹太人集中营。多拉虽没有犹太血统，毅然同行，与丈夫儿子分开关押在一个集中营里。聪明乐天的圭多哄骗儿子这只是一场游戏，奖品就是一辆大坦克，儿子快乐、天真的生活在纳粹的阴霾之中。尽管集中营的生活艰苦寂寞，圭多仍然带给他人很多快乐，他还趁机在纳粹的广播里问候妻子：“早安！公主！”法西斯政权即将倾覆，纳粹的集中营很快就要接受最后的清理，圭多编给儿子的游戏该怎么结束？他们一家能否平安的度过这黑暗的年代呢？
搏击俱乐部,1999,1999-10-15,"剧情,惊悚",139,84,英语,大卫·芬奇,恰克·帕拉尼克,搏击俱乐部的第一条规则是你不要谈论搏击俱乐部,杰克( 爱德华·诺顿 Edward Norton 饰)是一个充满中年危机意识的人，他非常憎恨自己的生活及一切，再加上他患有严重的失眠症，所以他常常参加各种团体咨询会，只为了能接触人群。在某一个团体咨询会上，杰克遇上了一个跟他同样理由来参加的女烟枪，玛拉(海伦娜·邦汉·卡特 Helena Bonham Carter  饰)，在莫名激素的影响下，杰克和玛拉一起逃离了咨询会，两人的情愫因而滋生…  一个偶然的机会，杰克遇到了卖肥皂的商人泰勒(布拉德·皮特 Brad Pitt 饰)，一个浑身充满叛逆、残酷和暴烈的痞子英雄，并因为自己公寓失火而住进了泰勒破旧不堪的家中。两人因缘际会地成为了好朋友，并创立了“搏击俱乐部”：一个让人们不戴护具而徒手搏击，宗旨在于发泄情绪的地下组织。
指环王1：护戒使者,2001,2002-04-04,"冒险,奇幻,动作",228,84,英语,彼得·杰克逊,J.R.R.托尔金,至尊戒，驭众戒！,J.R.R.托尔金的文学巨著首次以电影形式磅礴呈现——这是一场正义对抗邪恶的史诗冒险，一段关于友谊力量与个人勇气的传奇，更是一次为人类纪元开辟道路的英雄征程。
人类,2015,2015-09-12,纪录,191,84,法语,亚恩·阿蒂斯－贝特朗,,简介,"每个人背后都有一个足以撼动心灵的故事。法国知名的摄影师Yann Arthus-Bertrand就用了3年的时间，走访全球60个国家，让2,020位不同肤色、种族、性别的人，在镜头前诉说自己的故事。由乌克兰的自由战士、马里的农民，到美国的死囚，各人的故事集结成一部纪录片《人类》。纪录片中，受访者只站在纯黑色的背景中细诉自己的故事，没有花巧的剪接，甚至不多赘述受访者的身份。每个人自身的经历，足以为观众带来震撼。"
天堂电影院,1988,2019-06-15,"剧情,爱情",124,84,意大利语,朱塞佩·托纳多雷,瓦娜·波利,青春、友谊与电影永恒魅力的颂扬。,在意大利南部小镇姜卡尔多，童年的小多多不仅喜欢看电影，还喜欢看放映师艾弗达“剪”电影：在40年代的意大利小镇上，电影在放映之前都要经由牧师检查，把认为观众不宜的镜头（比如接吻戏）严格地剪掉之后，才可以放映。好心的艾佛特为了让更多的观众看到电影，搞了一次露天电影，结果胶片着火了，多多把艾弗达从火海中救了出来，但艾弗达双目失明。多多成了小镇唯一会放电影的人，他接替艾佛特成了小镇的电影放映师。多多渐渐长大，他爱上了银行家的女儿艾莲娜。初恋的纯洁情愫美如天堂，但是一对小情侣的海誓山盟被艾莲娜父亲的阻挠给隔断了，托托去服兵役，而艾莲娜去念大学。伤心的多多在艾佛达的鼓励下，离开小镇，追寻自己生命中的梦想……30年后，艾佛达去世，此时的多多已经是功成名就的导演，他回到了家乡参加艾弗达的葬礼。老放映员留给他一份礼物，原来是当初被镇上的检查员勒令剪掉的吻戏胶片。多多看着这些镜头，突然发现自己已经理解了生命中的一切。
上帝之城,2002,2015-04-18,"剧情,犯罪",129,84,葡萄牙语,费尔南多·梅里尔斯,保罗·林斯,你若逃跑，野兽会抓住你；你若停留，野兽会吞噬你。,巴西里约热内卢的贫民窟，这里是“上帝之城”，更是魔鬼也会叹息着转身的地方。
指环王2：双塔奇兵,2002,2003-04-25,"冒险,奇幻,动作",235,84,英语,彼得·杰克逊,J.R.R.托尔金,一股新力量正在崛起！,在J.R.R.托尔金史诗三部曲的第二篇章中，护戒同盟队面对难以想象的敌军与诡谲阴谋，同时见证了远古奇迹与同胞未觉醒的力量。
惊魂记,1960,1960-06-22,"恐怖,惊悚,悬疑",109,84,英语,阿尔弗雷德·希区柯克,罗伯特·布洛克,一种全新的、截然不同的银幕刺激！,凤凰城一女秘书卷走客户四万美元公款，仓皇出逃途中入住一家偏僻汽车旅馆。旅馆经营者诺曼·贝茨是位受其母亲支配的年轻人。
蛊惑兄弟,2000,2000-09-15,"喜剧,剧情,奇幻,爱情",104,84,葡萄牙语,Guel Arraes,Ariano Suassuna,Lying with faith is not always a sin.,智高和杰克，一对患难穷兄弟，四出寻找工作，最终在面包店找到差事。但店主极为刻薄，兄弟俩的食物比狗还要差。阴差阳错，他们弄死了店主的狗，更要哄骗神父替小狗祈福，闹出笑话连篇。及后智高暗恋大财主之女路仙霞。但智高过于害羞，久久未能成事；杰克唯有替智高制造机会。一日，镇里来了一班悍匪，洗劫村民之余，更进行杀戮游戏……
飞越疯人院,1975,2026-04-16,剧情,135,84,英语,米洛斯·福尔曼,肯·克西,如果他疯了，那你怎么了？,在州立精神病院里休养总比蹲监狱强，对吧？兰德尔·P·麦克墨菲（杰克·尼科尔森 饰），一个血管里流淌着闪电、舌绽莲花的自由派骗子，装疯混进了他所谓的“疯子们”中间。很快，他那极具感染力的无序感便与麻木的例行程序发生冲撞。当世界大赛正酣时，这群被镇静剂泡透的家伙怎能披着浴袍拖沓度日？这意味着战争！一方是麦克墨菲，另一方则是轻声细语的拉契特护士（路易丝·弗莱彻 饰）——这位影史上最冷酷可怕的恶魔之一。而赌注，是整个病房每位患者的命运。
妙不可言,2021,2021-06-17,"家庭,剧情",88,84,西班牙语,Ernesto Contreras,Estéfani Enríquez Soto,There are encounters that change your life,生活是如此奇妙且难以预测，有时会在最不经意的地方发现幸福：一位七旬老妪和她的少年邻居之间产生了深厚的友谊。
真爱留声,2026,2026-06-20,"爱情,喜剧",119,84,英语,Leah McKendrick,,Sometimes the universe leaves you a message.,年轻女子给已故姐姐发送的搞笑自白语音留言无意中被转给了陌生人，而这个陌生人竟隔着遥远的距离爱上了她。
声之形,2016,2017-09-08,"动画,剧情,爱情",130,84,日语,山田尚子,吉田玲子,有时答案就是学会倾听，如此简单。,西宫硝子（早见沙织 配音）生来患有听觉障碍，要依靠助听器和外界交流，口语发音也因此格外的古怪。小学时，硝子转入了一所新的学校，特殊的生理缺陷让她成为了班上引人注目的独特存在，她因此收获了坚实的友情，却也遭到了以男生石田将也（入野自由 配音）为首的小团体的孤立和排挤。随着时 间的推移，无心或有意的恶作剧渐渐升级，最终演变成为了无法挽回的伤害，硝子永远的消失在了众人的眼前。排挤硝子的事情曝光后，将也成为了下一个被欺负的对象，孤独痛苦的他终于理解了硝子的隐忍和温柔，只是他再也没有机会跟硝子道歉了。一次偶然中，将也同硝子重逢了，命运的齿轮重新开始了转动。
蜘蛛侠：平行宇宙,2018,2018-12-21,"动画,动作,冒险,科幻",116,84,英语,罗德尼·罗斯曼,菲尔·洛德,任何人都可以成为英雄。,《乐高大电影》和《龙虎少年队》的创作灵魂菲尔·罗德与克里斯托弗·米勒，将他们独特的才华注入一个全新的蜘蛛侠宇宙，开创了前所未见的突破性视觉风格。本片讲述了布鲁克林少年迈尔斯·莫拉莱斯（沙梅克·摩尔 配音）的冒险故事，并揭开了蜘蛛宇宙的无限可能——在那里，能够戴上英雄面具的远不止一人。[索尼影业]
素媛,2013,2013-10-02,剧情,122,84,朝鲜语,李濬益,金智慧,在最痛的地方，开出最美的花,她是一个美丽平凡的小女孩，和爸爸妈妈生活在位于街角的家中。家里经营着以她的名字素媛命名的杂货店，母亲作为老板娘日夜忙碌不得闲暇，父亲则在工厂干着繁重的工作。在那个飘雨的早上，素媛打着雨伞独自上学。在离学校近在咫尺的地方，她遭遇一个相貌猥琐、酒气冲天的大叔，由此开启了她的悲剧之旅。柔嫩的小花遭到暴风雨无情摧残，受伤的岂止枝枝叶叶，更是那迎着阳光无忧成长的心。无良媒体铺天盖地大肆渲染，作为受害者的素媛一家仿佛成了周身污秽的耻辱之人，被四周诧异好奇的目光所包围。妈妈悲痛欲绝，几近崩溃。爸爸全力保护女儿，但受伤的小天使却拒绝爸爸的靠近。问凶之路伴随着天使的治愈旅程，美丽的女孩可会再露灿烂笑容？
星球大战5：帝国反击战,1980,1980-05-21,"冒险,动作,科幻",124,84,英语,厄文·克什纳,利·布拉克特,冒险在继续……,星球大战事件三年后，帝国军队继续追捕义军。义军在霍斯冰原星球战败后，卢克前往达戈巴星球，跟随自共和国覆灭后隐居的绝地大师尤达进行训练。为诱使卢克堕入黑暗面，达斯·维达将年轻的天行者引入贝斯平云城的陷阱。在与西斯尊主的激烈光剑对决中，卢克面对一个惊人的真相。[20世纪福克斯]
哈尔的移动城堡,2004,2004-04-24,"奇幻,动画,冒险",119,84,日语,宫崎骏,戴安娜·温尼·琼斯,带着心爱的人在天空飞翔。,18岁少女苏菲在街上遇到神秘青年霍尔，霍尔忽然抱起苏菲一同飞上天空，苏菲的心从此深深地被霍尔吸引。然而那天晚上，苏菲被名叫荒地魔女的女巫施了魔法，外表变成了90岁的老婆婆。心灰意冷的苏菲只好整理行李，远离人群，前往霍尔在荒郊野外的城堡……
加百列的地狱,2020,2020-05-29,"爱情,剧情",122,84,英语,托斯卡·马斯克,Sylvain Reynard,简介,一个迷人的探索诱惑，禁止的爱，和救赎，一个迷人和激情的故事，一个人从他自己的地狱，因为他试图赢得不可能的宽恕和爱。
七宗罪,1995,1995-09-22,"犯罪,悬疑,惊悚",127,84,英语,大卫·芬奇,安德鲁·凯文·沃克,每一桩命案，都对应一种原罪。,“暴食”、“贪婪”、“懒惰”、“嫉妒”、“骄傲”、“淫欲”、“愤怒”，这是天主教教义所指的人性七宗罪。城市中发生的连坏杀人案，死者恰好都是犯有这些教义的人。凶手故弄玄虚的作案手法，令资深冷静的警员沙摩塞（摩根•弗里曼 Morgan Freeman 饰）和血气方刚的新扎警员米尔斯（布拉德•皮特 Brad Pitt 饰）都陷入了破案的谜团中。他们去图书馆研读但丁的《神曲》，企图从人间地狱的描绘中找到线索，最后从宗教文学哲学的世界中找到了凶手作案计划和手段的蛛丝马迹。凶手前来投案自首，这令众人都松了一口气，以为案件就此结束，怎料还是逃不出七宗罪的杀人逻辑，这次凶手瞄准的目标，是那个犯了“愤怒”罪的人……
美国往事,1984,2015-04-23,"剧情,犯罪",229,84,英语,赛尔乔·莱昂内,哈里·格雷,犯罪、激情与权力欲望。,二十年代的美国，纽约少年“面条”和几个同龄朋友一起认识了聪明狡黠的“麦克斯”，他们开始从事走私活动。不久，面条在一场械斗中杀伤人命，被关进监牢。若干年后，“面条”出狱，当时的小伙伴们已经变成了健壮的青年人，在“麦克斯”的带领下，他们开始了一系列抢劫、盗窃、敲诈活动。随着犯罪活动的不断深入， “麦克斯”似乎被胜利冲昏了头脑，竟然把美国联邦储备银行也列入了行动目标。“面条”不忍眼看好友走向毁灭，偷偷打电话报警，想逼迫“麦克斯”收手。警察与 “面条”的朋友展开激烈枪战，“麦克斯”等人全部被杀。“面条”带着深深的悔恨和痛苦，离开纽约，回到年少时生长的地方。三十五年过去了，几近垂暮的“面条”重新回到纽约的伤心地，他遇见了少时的朋友和旧情人，而当年“麦克斯”他们的死，背后竟然包含着出乎意料的阴谋。
爆裂鼓手,2014,2024-12-06,"剧情,音乐,惊悚",107,84,英语,达米恩·查泽雷,,通往伟大的道路可能会将你带到边缘。,年轻的爵士鼓手安德鲁·奈曼就读于全国顶尖的音乐学院，师从令人畏惧的爵士乐导师特伦斯·弗莱彻，在成为顶尖爵士鼓手的道路上奋力挣扎。
盗梦空间,2010,2010-09-01,"动作,科幻,冒险",148,84,英语,克里斯托弗·诺兰,,你的梦境 就是 犯罪现场,道姆·柯布与同事阿瑟和纳什在一次针对日本能源大亨齐藤（渡边谦 饰）的盗梦行动中失败，反被齐藤利用。齐藤威逼利诱因遭通缉而流亡海外的柯布帮他拆分他竞争对手的公司，采取极端措施在其唯一继承人罗伯特·费希尔的深层潜意识中种下放弃家族公司、自立门户的想法。为了重返美国，柯布偷偷求助于岳父迈尔斯，吸收了年轻的梦境设计师艾里阿德妮、梦境演员艾姆斯和药剂师约瑟夫加入行动。在一层层递进的梦境中，柯布不仅要对付费希尔潜意识的本能反抗，还必须直面已逝妻子梅尔的处处破坏，实际情况远比预想危险得多……
钢琴家,2002,2003-01-24,"剧情,战争",150,84,英语,罗曼·波兰斯基,罗纳德·哈伍德,音乐是他的激情所在。生存则是他的杰作。,波兰犹太裔天才钢琴家瓦迪斯瓦夫·什皮尔曼逃脱了驱逐，被迫生活在华沙犹太区的中心，亲历苦难、屈辱与挣扎。他设法逃出并藏身于首都的废墟中，一名德国军官向他伸出援手，助他幸存。[焦点影业]
罗小黑战记,2019,2019-08-27,"动画,奇幻,动作",102,84,-,MTJJ,彭可欣,有你的地方 就是家,在熙攘的人类世界里，很多妖精隐匿其中，他们与人类相安无事地生活着。猫妖罗小黑因为家园被破坏，开始了它的流浪之旅。这场旅途中惺惺相惜的妖精同类与和谐包容的人类伙伴相继出现，让小黑陷入了两难抉择，究竟何处才是真正的归属？
鱿鱼游戏： 第二季 制作特辑,2025,2025-01-03,纪录,28,84,朝鲜语,,,简介,三年前，鱿鱼游戏由456号选手（李政宰 饰）胜出，他本想远走高飞，却在搭机赴美前临阵反悔，决心展开新计划。成奇勋再度投身这场神秘的生存游戏，又一次赌上性命，与一群新的参赛者一起争夺高达456亿韩元的奖金。
天国与地狱,1963,1963-03-01,"剧情,犯罪,惊悚",142,84,日语,黑泽明,埃文·亨特,剧情紧张激烈，几乎令人难以置信！,在黑泽明这部极具影响力的家庭伦理剧与刑侦叙事杰作中，三船敏郎饰演的富商权藤金吾令人过目难忘——其家人沦为冷血绑匪的勒索目标。改编自艾德·麦可班恩侦探小说《国王的赎金》的本片，游刃有余地从分秒必争的惊悚剧过渡为精准的社会剖析，铸就了一部关于阶级矛盾与当代日本社会的犀利影像论著。[标准收藏公司]
露西·希姆斯和和平王子,2020,2020-10-19,"剧情,家庭",87,84,英语,Rob Diamond,,简介,假日季节，一位天使帮助一个冷酷的罪犯和一个早熟的小女孩相遇，并改变了他们的内心，从而给予他们第二次机会。
加百列的地狱：第二部,2020,2020-07-31,"爱情,剧情",106,83,英语,托斯卡·马斯克,Sylvain Reynard,简介,加布里埃尔·爱默生教授终于发现了朱莉娅·米切尔身份的真相，但他的意识到为时已晚。茱莉亚最终希望这位受人尊敬的但丁专家会记住她，并且不想再与他有任何关系。加布里埃尔能在别人的怀抱中找到爱之前赢回她的心吗？
沉默的羔羊,1991,2018-04-16,"犯罪,惊悚,剧情",119,83,英语,乔纳森·戴米,托马斯·哈里斯,要进入杀手的头脑，她必须挑战疯子的头脑。,"在这部改编自托马斯·哈里斯畅销小说的惊世之作中，技艺超凡的导演乔纳森·戴米以令人毛骨悚然的笔触，勾勒出缠绕美国社会的梦魇——连环谋杀。朱迪·福斯特颠覆性地诠释了联邦调查局见习探员克拉丽丝·史达琳的形象，为洞悉另一名连环杀手的心智，她不得不求助于恶名昭彰的""食人魔""汉尼拔·莱克特，此番表演亦成为其演艺生涯中最令人难忘的篇章。与她交锋的安东尼·霍普金斯，则塑造出堪称典范的暗黑英雄形象——优雅博学、机锋凌厉却暗藏杀戮本能，令人战栗地呈现了人性彻底堕落的剖面。这部兼具扣人心弦的刑侦叙事与扭曲心理深度探索的杰作，当年横扫奥斯卡最佳影片、导演、改编剧本、男女主角五项大奖，至今仍是影史文化里程碑。[标准收藏公司]"
蜘蛛侠：纵横宇宙,2023,2023-06-02,"动画,动作,冒险,科幻",140,83,英语,肯普·鲍尔斯,贾斯汀·K·汤普森,每个人都说这是蜘蛛侠注定的命运，但我要找到属于自己的路。,荣获奥斯卡奖的蜘蛛侠平行宇宙传奇迎来全新篇章。在这段史诗级冒险中，布鲁克林的全职邻家英雄蜘蛛侠迈尔斯·莫拉莱斯将穿越多元宇宙，与格温·史黛西及全新蜘蛛侠团队集结成军，直面前所未见的强大反派。[索尼影业]
加百列的地狱：第三部,2020,2020-11-19,"爱情,剧情",122,83,英语,托斯卡·马斯克,Sylvain Reynard,简介,一个黑暗的人带着恶意从茱莉亚的过去回来了。加布里埃尔有他需要分享的秘密，但担心如果他这样做，他会失去一切。他们的关系会经受住秘密揭露的考验吗？他们对但丁和弗洛伦斯的共同热爱会是他们所希望的一切吗？
激进教学,2023,2023-10-19,剧情,122,83,西班牙语,Christopher Zalla,,Think for yourself.,在一个充满忽视、腐败和暴力的墨西哥边境小镇，一名老师决定尝试一种激进的新方法来释放学生的潜力与好奇心，甚至发掘出他们的天才之处。
后窗,1954,2019-04-13,"惊悚,悬疑,剧情",113,83,英语,阿尔弗雷德·希区柯克,约翰·迈克尔·海耶斯,只需一个目击者，就能破坏这桩完美的犯罪。,一位足不出户的摄影师透过公寓窗户窥见邻居们的隐秘生活，当他断定其中一人犯下谋杀罪行时，一场扣人心弦的观察与博弈就此展开。詹姆斯·斯图尔特与格蕾丝·凯利联袂出演这场由阿尔弗雷德·希区柯克执导的、在有限空间内层层铺陈悬念的影史经典。
防弹少年团：燃烧舞台电影版,2018,2018-11-15,"音乐,纪录",85,83,朝鲜语,Park Jun-soo,,"From the deserts to the seas, we were always together.","防弹少年团的故事将被拍成电影,11月CGV上映!据体育东亚独家报道,讲述防弹少年团成长故事的纪录片形式电影"
回到未来,1985,1985-07-03,"冒险,喜剧,科幻",116,83,英语,罗伯特·泽米吉斯,鲍勃·盖尔,他是唯一一个到出生前惹麻烦的孩子。,马蒂·麦克弗莱，一位典型的八十年代美国青少年，意外被一台由钚动力驱动的德罗宁“时间机器”送回到1955年——这台机器由一位略带疯狂的科学家发明。在这段时常癫狂、总是惊人的穿越之旅中，马蒂必须确保他那正值青春期的未来父母相遇并坠入爱河，他才能顺利返回未来。[官方简介]
美国X档案,1998,1998-10-30,剧情,119,83,英语,托尼·凯耶,大卫·麦肯纳,Some legacies must end.,德瑞克 的父亲在他很小的时候就被一名黑人毒贩射杀，从此给他幼小的心灵埋下了仇恨的种子。原来德瑞克功课很好，是老师眼中的好学生。但自从父亲遇难后，他就将一切心机都放在了对付有色人种上面。他积极组织起一帮白人青年混混，到处和有色人种对着干。一次，他射杀了两名黑人，因此入狱。入狱后，德瑞克加入了一伙新纳粹的白人。后来，因工作关系他和一名黑人成了好友，他开始反思自己的过去。当他意欲脱离狱中新纳粹组织时，遭到了拳打脚踢。德瑞克出狱后，决心和以前自己组织的帮会脱离关系，带着弟弟远走他乡开始新的生活。
惩罚者：最后一击,2026,2026-05-12,"动作,剧情,犯罪",51,83,英语,雷纳尔多·马库斯·格林,老约翰·维克多·罗米塔,Hey Frank.,弗兰克·卡斯特想在复仇之外，追求更有意义的目标，但他却意外地被拉回战场。
幽灵公主,1997,2025-05-01,"冒险,奇幻,动画",134,83,日语,宫崎骏,,世界的命运系于一位勇士的勇气之上。,室町时代时期的虾夷族少年阿席达卡，某日遇到被称为“邪魔神”攻击他所居住村落的怪物。在阿席达卡为了保护村落与邪魔神对战时，过程当中遭受邪魔神的攻击而留下创伤与诅咒。击败了邪魔神之后，阿席达卡发现对方是由一头愤怒的山猪神所变化而成，并在祂的体内发现一颗铁弹。之后村里的女巫便劝他以铁弹为线索，来离开村落前往西方，查找邪魔神产生的来源和解除诅咒方法。  于阿席达卡的旅途中，他拯救了两名来自于炼铁据地“达达拉城”的住民。在协助对方返回到达达拉城之后，阿席达卡得知邪魔神身上的铁弹，便是遭到由达达拉城所打造的火枪所伤，其中达达拉城的统治者黑帽大人因为炼铁缘故从森林中砍伐许多木头资源，便与森林中的神祇交恶发生冲突。起初阿席达卡对于黑帽大人夺取资源、伤害森林神祇的行为感到愤怒，但之后目睹到众多穷人以及被社会隔离的痳疯患者在达达拉城有着生存机会而动摇。  后续他知晓森林里住着一位由犬神所养大，憎恨黑帽大人一心想取下对方性命，有着“幽灵公主”名号的人类少女小桑。在阿席达卡来到达达拉城的当日夜晚里，小桑突然现身于达达拉城内想找寻机会突击黑帽大人。当她们俩人展开打斗时，阿席达卡试图想调停双方之间的斗争，但在阻止的过程中阿席达卡意外遭旁人用石火枪给误射打伤。而小桑之后则将阿席达卡带回自己居住的森林里疗养。  在伤口撤销后，阿席达卡得知小桑打算与其祂山猪神同盟向人类一决死战，并发现到黑帽大人要与朝廷一方势力联手，来夺取名为“山兽神”的森林神祇之首级，以获得对方长生不死能力的事情。之后阿席达卡便试着想在混乱的局势中，找寻可解决冲突的方式。
别假正经,1984,2024-06-16,"纪录,音乐",88,83,英语,乔纳森·戴米,,Why stop making sense? Why a movie? Why a big suit? Where do the odd movements come from? What will the band do next?,一部关于摇滚乐队传声头的演唱会纪实电影。
荒野机器人,2024,2024-09-20,"家庭,动画,科幻,冒险",102,83,英语,克里斯·桑德斯,,发现你的本性,梦工厂动画全新改编文学畅销作品——彼得·布朗荣获大奖、备受喜爱的《纽约时报》榜首畅销书《荒野机器人》。这段史诗冒险讲述机器人“ROZZUM单元7134”（简称“罗兹”）的旅程：她因船只失事流落荒岛，必须学会适应严酷环境，逐渐与岛上动物建立联系，并成为一只孤儿小鹅的养母。[梦工厂影业]
音魂掠影,2022,2022-02-17,"纪录,音乐,历史",156,83,意大利语,朱塞佩·托纳多雷,,简介,由著名导演#朱塞佩·托纳多雷#编剧并执导，吉亚尼·罗素、王家卫等人任监制，聚焦意大利音乐大师埃尼奥·莫里康内的传记电影#50年一瞬间的魔幻时刻#正在进行后期制作，计划2020年公映。
紫罗兰永恒花园 剧场版,2020,2021-12-25,"动画,剧情,奇幻,爱情",140,83,日语,石立太一,晓佳奈,致我最心爱的人，这是我最后的书信。,——「爱」究竟是什么？  曾经将「爱」告诉自己、 给予自己的，重要的人。  即使想见，却再也见不到。 永远。 放开了手的、最最重要的那个人。  从事代笔业的她，名字是「薇尔莉特·伊芙加登」。自幼身为士兵参战，没能获得培育心灵机会的她，无法理解自己重要的上司「吉尔伯特·布干维利亚」所留下的话语。——我从心底，爱着你。  让人们背负深深伤痕的战争结束之后，经过数年。生活随着新技术的开发而改变，人们开始面向前方前进。但，薇尔莉特坚信着吉尔伯特还在某处活着，每一天只是思念着他。——亲爱的吉尔伯特少校。今天我又再一次回忆起了少校的事情。薇尔莉特强烈的愿望，溶解在静谧的夜当中。  在吉尔伯特母亲的月忌日，薇尔莉特像是要代替他一般地献上鲜花。某天，她与吉尔伯特的哥哥·迪特福利特海军上校不期而遇。迪特福利特告诉她是时候该忘记吉尔伯特了，但薇尔莉特立刻做出了答复。「我无法忘记」。  就在此时，薇尔莉特接到了一通委托电话。委托人是名叫尤里斯的少年。另一方面，在邮政公司的仓库里，发现了一封收信人不明的信……。
同级生,2016,2016-02-20,"爱情,动画",61,83,日语,中村章子,中村明日美子,"Sincerely, Slowly, Falling in Love.",夏天时节，东府第一高校要举行合唱祭。在课后合唱训练中，高中二年级A班草壁光（神谷浩史 配音）发现同班的尖子生佐条利人（野岛健儿 配音）并没有开口唱歌。草壁原以为这样的优等生不屑于合唱活动，却在当天放学后发现佐条独自留在教室练习。鬼使神差地，擅长音律的草壁主动提出要帮助佐条练习唱歌。经过多日的相处，草壁渐渐被认真的佐条吸引，却一直苦恼于对方是为了他人才如此努力学习唱歌。到了合唱祭这一天，草壁忽然控制不住情绪，在正式演出中途跑了出去，佐条见状紧张地追上。在空荡荡的校园里，二人终于向对方确定了心意。夏天要结束了，而他们青春的诗篇才刚刚开始。
未麻的部屋,1998,2024-04-18,"动画,惊悚",81,83,日语,今敏,竹内义和,不好意思……请问你是？,当红三人少女偶像团体Charming Bird面临解散，核心成员雾越未麻在事务所的安排下不得不退出团体，转型成为一名电视剧演员。万事开头难，对于偶像歌手转型而来的未麻尤其如此，她在工作中承受着压力，闷闷不乐。与此同时，各种恐吓信不断、经纪人田所先生遇袭以及以自己的口吻在网站上写日记的神秘人都让未麻焦虑不已，恍惚间她甚至看到另一个自己。未麻的苦恼无人知晓，贪婪的田所甚至同意剧组的剧本，要求未麻出演一场尺度极大的强暴戏。这次演出成为未麻演艺事业的转折点，她的出镜率开始攀升，甚至还拍摄了裸露的写真。与此相对，电视剧编剧涩谷和曾给未麻拍下裸照摄影师村野接连遇害。未麻的生活变得混乱不堪，真相究竟如何？本片荣获1997年亚洲奇幻电影节最佳亚洲影片。
死亡诗社,1989,2026-04-17,剧情,128,83,英语,彼得·威尔,托马斯·舒尔曼,他是他们的灵感源泉。他让他们的生命变得非凡。,威尔顿预备学院以其沉稳凝重的教学风格和较高的升学率闻名，作为其毕业班的学生，理想就是升入名校。新学期文学老师约翰·基汀（罗宾·威廉姆斯 饰）的到来如同一阵春风，一反传统名校的严肃刻板...
生之欲,1952,1952-10-09,剧情,143,83,日语,黑泽明,桥本忍,一个关于小人物的大故事，它将紧紧抓住你的灵魂……,黑泽明导演生涯的至高成就之一，本片以极致的悲悯凝视死亡，完成对生命的礼赞。志村乔动人诠释胃癌晚期的老公务员渡边勘治，在生命终点踏上追寻意义的旅程。影片以突破性的双段式结构展开，镜头语言浸润着洞察人性本真的人文主义光辉，从多重维度叩问生存的真谛。
这个杀手不太冷,1994,2024-11-01,"犯罪,剧情,动作",133,83,法语,吕克·贝松,,想把事情办的漂亮，就得请专业的,里昂是名孤独的职业杀手，受人雇佣。一天，邻居家小姑娘马蒂尔达敲开他的房门，要求在他那里暂避杀身之祸。原来邻居家的主人是警方缉毒组的眼线，只因贪污了一小包毒品而遭恶警杀害全家的惩罚。马蒂尔达得到里昂的留救，幸免于难，并留在里昂那里。里昂教小女孩使枪，她教里昂法文，两人关系日趋亲密，相处融洽。女孩想着去报仇，反倒被抓，里昂及时赶到，将女孩救回。混杂着哀怨情仇的正邪之战渐次升级，更大的冲突在所难免……
我们如此相爱,1974,1974-12-21,"剧情,喜剧",124,83,意大利语,埃托雷·斯科拉,艾根诺尔·因克鲁西,一件光彩夺目的事物。,安东尼奥（尼诺·曼弗莱迪 Nino Manfredi 饰）、贾尼（维托里奥·加斯曼 Vittorio Gassman 饰）和尼古拉（Stefano Satta Flores 饰）是战争时代的生死之交。战争结束后，他们回归了家乡，开始了各自迥异的生活。安东尼奥结识了美丽女孩露西安娜（斯蒂芬尼娅·桑德雷莉 Stefania Sandrelli 饰），坠入了情网，可露西安娜喜欢的却偏偏是贾尼。可最终，贾尼选择同侯爵女儿结婚，露西安娜陷入了痛苦之中，此时，安东尼奥再度出现在了露西安娜的身边，陪伴守护着她。露西安娜一直希望能够成为一名演员，为了实现理想，她甚至不惜向负责挑选演员的负责人献出了肉体。几经波折，安东尼奥和露西安娜总算坦诚相对，互诉衷肠，一对璧人终于走到了一起。
献给我的前妻,2019,2019-11-08,"剧情,喜剧",94,83,西班牙语,Jorge Ulloa,Diego Ulloa,简介,这部电影讲述了21岁的阿里尔的故事：为筹钱挽回濒临破裂的恋情、与前女友重逢，他决定组建一支摇滚乐队，参加奖金高达一万美元的乐队大赛，这已是他最后的办法——此前，女友因要前往芬兰实习，两人的感情走到了尽头。阿里尔和好友奥尔特加一起举办海选招募乐队其他成员，尽管两人对音乐一窍不通，最终还是组建起一支成员性格迥异、喜好截然不同的乐队。
五等分的新娘 剧场版,2022,2022-05-20,"动画,喜剧,爱情",136,83,日语,神保昌登,大知庆一郎,简介,为了让「濒临留级」又「讨厌学习」的美少女五姐妹通过学校考试毕业，主角风太郎以兼职家庭教师的身份来到中野家指导她们的课业，也因此渐渐与五胞胎们培养出感情。怀抱着各种想法的各人也迎来高中生活最后的活动「学园祭」。「学园祭第一天15时请到教室来。」聚集在教室里的五胞胎们，风太郎想告诉她们的是……
带来灵魂：防弹少年团演唱会电影,2019,2019-08-07,"音乐,纪录",103,83,朝鲜语,Park Jun-soo,,"Forever, we are young.",据媒体报道防弹少年团 第三部演唱会电影《Bring the Soul：The Movie》确定将于8月7日全球同步上映并公开了海报。据悉，该电影记录了防弹少年团从首尔开始经过众多的城市，结束漫长的欧洲巡演后在围坐在巴黎一个小小的屋顶举行属于他们自己的庆祝宴的模样。另外，《Bring the Soul：The Movie》将展现防弹少年团7名成员各样的魅力，他们率真坦诚的面貌将带给观众心动和感动，该片将于8月7日上映。
摩登时代,1936,1936-09-17,"喜剧,剧情,爱情",87,83,英语,查理·卓别林,,他是现代最伟大的艺人，举世无双！世上无人能像他那样，让你开怀大笑，又深深触动你的心弦……全世界都为他无价的才华而欢笑、流泪、激动不已！,二十年代的美国处于经济萧条时期，失业率居高不下，工人受尽压榨，成为了大机器生产中的一颗螺丝钉。查理就是一个底层市民，他在一个机器隆隆的厂房里日以继夜地工作，以赚取微薄的收入。重复繁重的工作压得他喘不过气，他把人们的鼻子当成螺丝钉来拧，卷入流水线机器的皮带里，令人苦笑不得。
大独裁者,1940,2021-09-19,"喜剧,战争",125,83,英语,查理·卓别林,,再次——全世界都在嘲笑！,在其备受争议的杰作中，查理·卓别林既尖刻地讽刺了阿道夫·希特勒，又巧妙地颠覆了自身的喜剧形象。在其首部纯有声片中，卓别林以精湛的肢体表现力分饰两角：残酷而滑稽的“托曼尼亚”独裁者，以及被错认成他的善良犹太理发师。凭借杰克·奥克与宝莲·高黛的精彩配角演绎，这部在美国正式加入二战前便大胆直指法西斯领导人的作品，将政治讽喻与肢体喜剧熔铸成登峰造极的艺术表达，最终在卓别林那段传世的激扬演说中达到高潮。
生活多美好,1946,1946-12-20,"剧情,家庭,奇幻",131,83,英语,弗兰克·卡普拉,阿尔伯特·莫里斯·哈克特,这笑声多么美妙！这爱意多么动人！,一位天使被派往人间，帮助一位万念俱灰的商人，向他展现假如他从未存在过，生活将会是怎样的光景。
日落大道,1950,2026-04-16,剧情,110,83,英语,比利·怀尔德,查尔斯·威廉·布莱克特,一个好莱坞故事。,好莱坞的声名终会消散——只需问问诺玛·戴斯蒙德。她曾是影坛传奇，如今已成被人遗忘的旧时代残影。当穷困潦倒的编剧乔·吉利斯误入她那衰败的宅邸，便陷入了她偏执与妄想的罗网。起初看似机遇的邂逅，很快演变为一场危机四伏的困局。这部作品被广泛认为是好莱坞黄金时代最伟大的影片之一，它以阴郁、扭曲又萦绕人心的视角，凝视着好莱坞的轮回——那里青春是流通货币，才华转瞬即逝，而聚光灯终会黯淡。[派拉蒙影业]
触不可及,2011,2011-11-02,"剧情,喜剧",112,83,法语,埃里克·托莱达诺,奥利维埃·纳卡什,Sometimes you have to reach into someone else's world to find out what's missing in your own.,因为一次跳伞事故，白人富翁菲利普Philippe（弗朗索瓦·克鲁塞 François Cluzet 饰）瘫痪在床，欲招聘一名全职陪护。由于薪酬高，应聘者云集，个个舌灿莲花，却无法打动他的心。直到黑人德希斯Driss（奥玛·赛 Omar Sy 饰）的出现才让他作出决定。德希斯刚从监狱出来，背负家庭重担，一心只想寻张辞退信以申领救济金，而且他明显对女助理的兴趣要远大于这份工作。但是菲利普还是一眼相中了这个小伙子。于是，德希斯开始了一个月的试用期。虽然舒适的豪宅环境让他倍感虚荣，但是他仍面临很多挑战：不仅要为菲利普作身体复健，还得给他洗浴、灌肠、拆信、穿丝袜等。起初，两人的思维方式与价值观大相径庭，但是，随着了解的不断深入，他们成为了朋友。本片取材于真实事件，获2011年东京电影节最佳影片金麒麟奖，弗朗索瓦·克鲁塞与奥玛·赛分享影帝桂冠。
夜与雾,1956,1956-05-22,"纪录,历史",32,83,法语,阿伦·雷乃,让·凯罗尔,简介,1956年导演阿伦•雷乃用摄影机带领观众重回奥斯维辛。当年纳粹集中营的旧址上已是一片祥和美丽的野外风光。然而时间倒回到1933年纳粹党掌权之时，整个城市被阴霾笼罩——大片修建起来的集中营房排列整齐，大量犹太人被抓进集中营开始接受非人的折磨和侮辱。这里对人种进行分级，在皮肤上纹上编号，在衣服上缝制等级的徽章。疾病，饥饿，劳役使集中营尸体遍地。1942年希莱姆到访，奉行“破坏”政策，集中营难民进入更加悲惨的境遇，被药品公司买下用作实验。1945年，集中营人数倍增后已不堪负荷，成堆的尸体被推土机推入大坑掩埋......
西部往事,1968,2018-04-16,"剧情,西部",166,83,意大利语,赛尔乔·莱昂内,塞尔吉奥·多纳蒂,她生命中有三个男人。一个带走了她，一个深爱着她，还有一个——最终杀死了她。,塞尔吉奥·莱昂内的这部不朽史诗，其恢弘堪比取景地纪念碑谷，其气度媲美星光熠熠的杰出演员阵容，其粗粝不羁正如每个孩子想象中的狂野西部。影片围绕一名神秘的口琴客、一位寻找杀父仇人的寡妇、一个亡命之徒以及一名铁路大亨之间错综复杂的关系展开，以恩尼奥·莫里康内传奇般的配乐为灵魂，塑造了影史中最令人难忘的西部片开场与结局。这是一首对正在消逝的旧西部的挽歌，也是一部永远重塑了该类型的杰作。
乔西的虎与鱼,2020,2021-06-11,"动画,剧情,爱情",98,83,日语,田村耕太郎,桑村沙耶香,Together they can fly.,专攻海洋生物学的恒夫，为了实现自己能够亲眼看一下只生活在墨西哥的梦幻鱼群的梦想，日夜不停地在进行着兼职打工。一天恒夫偶然遇见一个女孩坐在轮椅上，失控从斜坡上冲下来。得到了大学生恒夫救了这个女孩。这个女孩叫乔西，自幼便一直坐在轮椅上，她的祖母千津一直照顾乔西，和她相依为命。祖母千津向恒夫介绍了一份兼职工作。这份工作的内容就是听从乔西的要求，并想办法满足她。乔西活在自我世界里，可以遨游在自己感兴趣的绘画和书籍的海洋中。然而，她不善与他人交流且十分固执。乔希对恒夫非常刻薄，而恒夫也没有在意乔西是个残疾人，直率地回应她……
从前有个工作室,2023,2023-11-24,"动画,家庭,奇幻,剧情,喜剧",9,83,英语,Trent Correy,Dan Abraham,100 years of Disney magic comes together.,短片为迪士尼成立满100周年的纪念作品，导演崔伦特·柯瑞和丹·亚伯拉罕花了大约八个月时间构思，他们称该短片是写给华特迪士尼动画工作室的“情书”，也是“对过去一百年来与电影产生联系的观众表达感谢”。该短片登场的角色多达400多个，其中包括《石中剑》的梅林、《公主与青蛙》的蒂安娜、《冰雪奇缘系列》的艾莎、《星际宝贝系列》的史迪奇以及《四眼天鸡》的鸡丁，并由40多名配音员声演。
从天而降,2019,2019-12-24,"喜剧,剧情,音乐",112,83,西班牙语,Pepe Bojórquez,Alfredo Felix-Diaz,简介,墨西哥传奇人物佩德罗·因凡特（Pedro Infante）在地球上又获得了一次机会，可以为自己与女性的交往赎罪，并在一个模仿者的身体里赢得天堂.
现代启示录,1979,1979-05-19,"剧情,战争",202,83,英语,弗朗西斯·科波拉,约瑟夫·康拉德,这就是终点...,越战期间，威拉德上尉受命执行一项危险任务，深入柬埔寨刺杀一位脱离建制的叛变上校——此人已在当地部落自封神明。
迈克尔·杰克逊：颤栗,1983,1983-11-21,"恐怖,音乐,惊悚",14,83,英语,约翰·兰迪斯,迈克尔·杰克逊,简介,黑人女青年（欧拉·蕾 Ola Ray 饰）跟男友（迈克尔·杰克逊 Michael Jackson 饰）因为汽车没油了走在回家的路上，男友像她示爱，女青年欣然接受，但是男青年向她透露自己跟常人不一样。正当女青年在犯迷糊之时男友已经趁着月光变身成了狼人，关键时刻镜头一转才发现真实的情况是这只是女青年和男友正在看的恐怖片。女青年因为害怕决定要早走，男友追上了她，解释一番过后两个嬉笑着回家。但是真正的危险正在发生，当他们路过一片墓地时，恐怖的食人尸都从地底下爬了出来……
新世纪福音战士剧场版：Air / 真心为你,1997,1997-07-19,"动画,科幻,剧情,奇幻,动作",87,83,日语,庵野秀明,鹤卷和哉,毁灭的命运亦是重生的喜悦。,《新世纪福音战士》系列第二部剧场版，于 1997 年 7 月 19 日在日本上映。全名：《新世纪福音战士剧场版：THE END OF EVANGELION》（日语：新世紀エヴァンゲリオン 劇場版 THE END OF EVANGELION - Air/まごころを、君に，英语：NEON GENESIS EVANGELION: THE END OF EVANGELION - AIR/SINCERELY YOURS）。剧情承接 TV 动画版第 24 集，包括了重新制作的第 25 、第 26 话。在这部剧场版中第 25 话的名字是 “AIR”（天空），而副标题是 “LOEV IS DESTRUCTIVE”（爱是一种伤害）；第 26 话的名字是 “YOUR SINCERELY”（真心为你），副标题是“ONE MORE FINAL: I NEED YOU”（再说最后一遍：我需要你）。剧场版的每一话都和电视版一样有一个 “EYE - CATCH” 镜头（即每集中间那个黑底白字的英文标题）。这部剧场版标志着整个旧世纪《新世纪福音战士》的终结。影片分成 “Air” 与 “真心为你” 两个部分。神秘的 EVA 零号机驾驶员绫波丽，在与碇元渡约定之时，来到了 NERV 底层中央教条的红色水池边。她的命运似乎就将在此结束。在危急时刻，葛城美里不但要完成加持良治交待的对“第二次浩劫”真相以及“人类补完计划”的探查工作，还要保护碇真嗣与明日香，以及防备 SEELE 对初号机与二号机的物理接触。出于对碇元渡的憎恨，赤木律子接受了 SEELE 引爆 MAGI 的提案，她能否成功 ？长期与 SEELE 共事的碇元度、冬月耕造、碇唯，为了防止人类“最终的悲剧”，而酝酿了的“人类补完计划”能否实现 ？尽在《新世纪福音战士》电影版第 2 部中解答。
萤火之森,2011,2011-09-17,"爱情,动画,奇幻",44,83,日语,大森贵弘,,我已经等不到夏天了,某年夏天，6岁小女孩竹川萤来到爷爷家度假，她闯进了传说住满妖怪的山神森林。正当她因为迷路而焦急万分的时候，一个戴着狐狸面具的大男孩出现在她面前，并引领着萤找到回家的路。虽然萤分外感激，可是男孩却禁止她碰触自己的身体，原来这名叫银的男孩并非人类，他一旦被人类碰触就会烟消云散。在此后的日子里，萤和银成为好朋友，他们走遍了森林的每一个角落玩耍。日复一日，年复一年，每到夏天的时候萤就会如约来到森林和好朋友见面。她遵守着和银的约定，无论如何也不碰触银的身体。随着年龄的增长，萤和银对彼此的情感都悄悄发生了变化，他们共同期待相聚的日子，共同期待拥抱对方。本片根据绿川幸的原作改编。
超级马力欧银河大电影,2026,2026-04-03,"家庭,喜剧,冒险,奇幻,动画",98,83,英语,亚伦·霍瓦特,迈克尔·杰勒尼克,星系在召唤。,重返奇妙世界，探索浩瀚宇宙，罗莎塔公主、酷霸Jr.、耀西等更多惊喜角色登场，开拓更宏大酷炫的版图，呈现更精彩纷呈的冒险。
狮子王,1994,1995-07-15,"动画,家庭,剧情",89,83,英语,罗布·明科夫,罗杰·艾勒斯,最伟大的冒险，莫过于在生命的轮回中找到属于自己的位置。,辛巴是荣耀王国的小王子，他的父亲穆法沙是一个威严的国王。然而叔叔刀疤却对穆法沙的王位觊觎已久。要想坐上王位，刀疤必须除去小王子。于是刀疤利用种种借口让辛巴外出，然后伺机大开杀戒，无奈辛巴被穆法沙及时来救。在反复的算计下，穆法沙惨死在刀疤手下。刀疤一方面别有用心地劝辛巴离开，一方面派人将他赶尽杀绝。辛巴逃亡中遇到了机智的丁满和善良的彭彭，他们抚养辛巴长成雄壮的大狮子，鼓励他回去森林复国。在接下来一场复国救民的斗争中，辛巴真正长成一个坚强的男子汉，领会了责任的真谛。
七号房的礼物,2019,2020-10-15,剧情,132,83,土耳其语,Mehmet Ada Öztekin,Kubilay Tat,简介,梅莫（阿拉斯·布鲁特·伊涅姆利 Aras Bulut Iynemli 饰）虽然生得人高马大，但却只有相当于6岁孩童一般的智慧，他带着女儿奥瓦（妮莎·索菲亚·阿克松古尔 Nisa Sofiya Aksongur 饰），同奶奶法蒂玛（塞利尔·托扬·乌伊萨尔 Celile Toyon Uysal 饰）生活在一起，日子虽然过得紧巴巴的，但一家人能够团聚就是最大的快乐。  哪知道某日祸从天降，连一只蚂蚁都不愿意踩死的梅莫，竟然背负上了莫须有的杀人罪名，被关进了七号牢房中，单纯的梅莫并不知道自己即将面临怎样悲惨的命运。在监狱里，梅莫很快就和他的狱友们成为了朋友，梅莫开朗乐观的性格感染了周围的每一个人，给他们带来了快乐和希望，为了回报梅莫，这些曾经“穷凶极恶”的罪人们决定用他们的性命为筹码，来实现梅莫一个希冀已久的愿望。
光荣之路,1957,1957-12-20,"战争,剧情",87,83,英语,斯坦利·库布里克,汉弗莱·科布,一将功成万骨枯,斯坦利·库布里克执导，堪称影史最具震撼力的反战电影之一。柯克·道格拉斯以炽烈演技诠释第一次世界大战期间一位法国上校的形象——当他的士兵因未能完成不可能的任务而被控怯战时，他毅然与军队高层的冷酷权威展开正面对抗。这部以精湛摄影呈现的沉郁之作，精准剖解了军事机器的荒谬本质与非人性化机制（这一主题将持续贯穿库布里克的创作生涯）。从压抑的战壕对峙到扣人心弦的法庭高潮，直至摧人心魄的结局场景，全片以这位传奇导演标志性的精准掌控力层层推进，铸就了这部不朽杰作。[标准收藏公司]
为了萨玛,2019,2019-07-26,"纪录,战争",96,83,英语,Edward Watts,Waad al-Kateab,An intimate and epic journey into the female experience of war.,本片既是一段深入战争女性体验的私密旅程，也是一曲波澜壮阔的史诗。这部一位年轻母亲写给女儿的深情家书，以瓦德·卡提卜的镜头穿越叙利亚阿勒颇五年起义时光，记录她在战火蔓延中坠入爱河、缔结婚姻并诞下女儿萨玛的人生轨迹。在灾难性冲突愈演愈烈之际，她的摄像机捕捉到无数关于失去、欢笑与生存的震撼片段，而瓦德本人则深陷两难抉择——是否该为保护女儿生命逃离这座城市？离去意味着抛下她已付出巨大代价的自由抗争。
黑客帝国,1999,2000-01-14,"动作,科幻",136,83,英语,拉娜·沃卓斯基,莉莉·沃卓斯基,欢迎来到现实世界,不久的将来，网络黑客尼奥对这个看似正常的现实世界产生了怀疑。他结识了黑客崔妮蒂，并见到了黑客组织的首领墨菲斯。墨菲斯告诉他，现实世界其实是由一个名叫“母体”的计算机人工智能系统控制，人们就像他们饲养的动物，没有自由和思想，而尼奥就是能够拯救人类的救世主。可是，救赎之路从来都不会一帆风顺，到底哪里才是真实的世界？如何才能打败那些超人一样的特勤？尼奥是不是人类的希望？这是黑客的帝国，程序和代码欢迎大家的到来。
边境奇袭,2025,2025-02-28,"动作,冒险,惊悚",85,82,西班牙语,Chava Cartas,José Rubén Escalante Méndez,简介,一场人质营救行动带来了新的敌人，格雷罗上尉和他的精英士兵们必须应对残忍犯罪团伙的埋伏。
城市之光,1931,1931-03-07,"喜剧,剧情,爱情",87,82,英语,查理·卓别林,哈里·克罗克,真爱盲目。,这部查理·卓别林最受珍爱的作品，亦是其流浪汉形象的终极篇章。在这部无声影片中，身兼编剧、导演与主演的卓别林达到了悲喜交融的新境界：可爱的流浪汉爱上街头卖花的失明少女（弗吉尼亚·切瑞尔诠释出魔幻般的纯真），却被女孩误认为百万富翁。尽管这部大萧条时期的轰动之作诞生于有声时代来临之后，卓别林仍毅然坚守对默片艺术表现力的热爱。最终成就了他个人艺术的巅峰，亦加冕为默片喜剧的不朽丰碑。
云上情歌,2020,2020-10-09,"音乐,剧情",121,82,英语,卡拉·霍尔顿,贾斯汀·贝尔杜尼,Don't wait for tomorrow to live for today.,美国男孩扎克·索比赫14岁被诊断患有骨肉瘤(18岁去世)，多次手术和化疗并未遏制癌症发展，在得知自己只剩几个月寿命后，他创作了《云》这首歌，感谢自己身边的人和所经历的一切，乐观面对。
痴迷,2026,2026-07-24,"恐怖,惊悚",108,82,英语,Curry Barker,,许愿需谨慎,在折断神秘的“心愿柳”以赢得暗恋对象的心之后，一个对爱情充满幻想的人如愿以偿地得到了自己想要的一切，但很快他发现，有些欲望需要付出黑暗而可怕的代价。
海上钢琴师,1998,2019-11-09,"剧情,音乐",170,82,意大利语,朱塞佩·托纳多雷,亚历山德罗·巴里科,这是一个关于一个无所不能的男人的史诗故事……唯独无法平凡。,男主角1900（人名）是一个被人遗弃在蒸气船上的孤儿，被船上一位好心的烧炉工收养，然而好人不得好报，烧炉工在一次意外中死亡，只有8岁大的1900又再度成为了孤儿。过人的天赋使他无师自通成了一名钢琴大师，但宿命也令他天然地对红尘俗世深怀戒意，他从不敢离船上岸去，只因纽约无际的高楼和川流不息的人群令他迷失自我。纵使后来遇上了一位一见钟情的少女，他思量再三后，还是放弃了上岸寻找初恋情人的冲动...
妥瑞氏与我,2025,2025-09-22,"剧情,历史",121,82,英语,柯克·琼斯,,I blink. I twitch. I jump. I click. I whistle. I shout.,本片根据社会活动家约翰·戴维森的真实人生经历改编。讲述他从20世纪80年代英国一名被误解的少年，成长为致力于推动人们理解与接纳妥瑞氏综合症的倡导者的故事。约翰在十五岁时被确诊，在逆境中艰难度过动荡的青春期，一步步走向成年。在他人善意的鼓舞下，他找到了人生真正的意义与方向。
复仇者联盟3：无限战争,2018,2018-05-11,"冒险,动作,科幻",156,82,英语,杰克·柯比,比尔·曼特罗,十年布局 巅峰一役,随着复仇者联盟及其盟友继续保护世界免受来自任何单一英雄难以承担的威胁，一个新的危险从宇宙的阴影中浮现——灭霸。作为一个星际恶名昭彰的暴君，他的目标是收集所有六颗无限宝石，这些宝石拥有难以想象的力量，并利用它们将扭曲的意志强加于现实的每一个角落。复仇者们为此奋斗的一切都指向了这一刻——地球和整个存在的命运从未如此不确定。
复仇者联盟4：终局之战,2019,2019-04-24,"冒险,科幻,动作",181,82,英语,比尔·曼特罗,史蒂夫·甘,逆转无限 不惜一切代价,几近绝望的复仇者们在惊奇队长的帮助下找到灭霸归隐之处，却得知六颗无限宝石均被销毁，希望彻底破灭。五年后，迷失在量子领域的蚁人意外回到现实世界，他的出现为幸存的复仇者们点燃了希望。与美国队长冰释前嫌的托尼找到了穿越时空的方法，星散各地的超级英雄再度集结，他们将分别穿越不同的时代去搜集无限宝石。与此同此，平行宇宙的灭霸察觉了他们的计划。这是一场注定要载入史册的终局之战，超级英雄们为了心中恪守的信念前仆后继……
老男孩,2003,2003-11-21,"惊悚,悬疑",120,82,朝鲜语,朴赞郁,林俊亨,15年监禁……5天复仇。,女儿生日那天，中年男子吴大修（崔岷植饰）在醉酒回家路上，突遭不明身份的人绑架失踪。就此，他毫无理由地被囚禁在一个神秘的私人监狱中。寻死未果的吴大修，每天看电视，三餐吃煎饺。通过电视，他得知妻子已遭杀害，女儿下落不明，自己更被怀疑为凶手。就此，吴大修开始锻炼身体，决心复仇，并在牢中度过漫长的15年...
男孩、鼹鼠、狐狸和马,2022,2022-12-02,"动画,家庭,剧情,冒险",35,82,英语,Charlie Mackesy,Peter Baynton,一次寻找家的旅行。,查理·麦克西的同名绘本改编的手绘动画，关于善良、友谊、勇气和希望，通过一段辛酸而真挚的旅程，讲述了一个男孩、一只鼹鼠、一只狐狸和一匹马，四个孤独的灵魂在寻找家的过程中结伴而行，并在彼此身上找到了自己存在的意义。
洞,1960,1960-03-18,"剧情,惊悚,犯罪",132,82,法语,雅克·贝克,何塞·乔凡尼,可怜的小加斯帕……,在巴黎的一间牢房里，五名囚犯用尽全部的坚韧与智慧，试图通过精心挖掘的隧道重获自由。根据若泽·乔瓦尼的小说改编，雅克·贝克的这部影片在诗意的人文关怀与紧绷得令人窒息的危险氛围间取得了精妙的平衡。
拯救大兵瑞恩,1998,1998-11-13,"战争,剧情,历史",169,82,英语,史蒂文·斯皮尔伯格,罗伯特·罗达特,任务是拯救一个人,成功登陆诺曼底后，约翰·米勒上尉带领一队士兵深入敌后，寻找一名三个兄弟均已阵亡的伞兵。
青春猪头少年不会梦到怀梦美少女,2019,2019-06-15,"动画,爱情,剧情,奇幻",90,82,日语,增井壮一,鸭志田一,时间与记忆、我都一起带到未来,居住在天空与海洋辉映的城镇“藤泽”的梓川咲太，就读高中二年级。
我想吃掉你的胰脏,2018,2019-01-18,"动画,剧情,爱情",109,82,日语,牛岛新一郎,住野夜,我想进入你的世界，活在你的心里 。,“没有名字的我，没有未来的她” 对他人毫无兴趣，总是独自一人读书的高中生“我”。这样的“我”有一天，偶然捡到一册写着《共病文库》的文库本。那是，天真烂漫的班上人气王·山内樱良私下记录的日记本。里面记载着她身患胰脏的疾病，已经时日无多……。隐藏自己的疾病度过日常的樱良，与知晓其秘密的“我”。— 两人的距离，还没有名字。
角斗士,2000,2000-08-12,"动作,剧情,冒险",155,82,英语,大卫·弗兰佐尼,雷德利·斯科特,英雄崛起。,马克西蒙斯是罗马帝国战功显赫，受人拥戴的大将军。老国王马库斯·奥利利乌斯对大将军赏识有加，有意加冕于他。老国王对将军这种超越亲情的宠爱自然招来太子康莫迪乌斯的妒忌与不安，太子伺机杀害父亲，抢先登上王位，并马上下令诛杀大将军一家。马克西蒙斯死里逃生躲过暴君的魔爪，可是他所有的家人都未能幸免于难，返回家园，他只看到满目疮痍的破败景象。走投无路的马克西蒙斯只能投身为奴，从昔日的大将军沦为一名角斗士，在血腥厮杀中苟且求生。凭借英勇的气魄和高超的武艺，马克西蒙斯渐渐脱颖而出，晋级到罗马的大角斗场。这一次，他的剑直指暴君康莫迪乌斯，失去亲人的痛苦，沦为奴隶的屈辱，在马克西蒙斯的内心燃起了熊熊怒火。
GIVEN 被赠与的未来 剧场版,2020,2020-08-22,"动画,剧情,音乐,爱情",59,82,日语,山口光,绫奈由仁子,想要在你身边继续歌唱,高中生上山立夏热爱演奏吉他，与春树和秋彦合组一个小乐队。某个午休，他意外帮佐藤真冬修好吉他弦后，被真冬拜托教吉他，而后又在听到真冬的歌声后邀请他加入乐队。立夏在相处的过程中渐渐喜欢上真冬，真冬有一个彼此互相喜欢并支持的青梅竹马，但那个人却自杀了，因那个人喜欢吉他，真冬才一直很想学。那个人没有做到的事，没有坚持的陪伴，立夏都帮他实现了，真冬也开始慢慢喜欢上立夏。另外一对CP春树和秋彦，春树一直默默喜欢着秋彦，为他留着长发，但秋彦却与极具音乐才华的小提琴家雨月同居在一起。动画影集以高中生的真冬与立夏两人间悲伤恬淡的爱情为主轴，首部剧场版则为大人组三人的春树、秋彦、雨月，炽热的三角恋拉开序幕。
天地玄黄,1992,1993-11-19,纪录,97,82,英语,罗恩·弗里克,吉纳维芙·尼古拉斯,A world beyond words.,我们是谁？从哪里来？又将归往何处？这些问题和我们的生存息息相关，但却很少有人能够给出准确的答案。历时14个月，穿越24个国家，导演罗恩·弗里克（Ron Fricke）用镜头向我们展示了大自然能够拥有的最壮阔最绚丽的景致——从远古到现在，从猿猴到人类，从荒无人烟的沙漠到震撼人心的宗教活动现场，从广袤天地带来的感动到婴孩单纯的笑脸给予的幸福，我们会发现，很多时候，我们并不能意识到，这美好的一切正时时刻刻的发生在我们身边。全片没有台词，片名Baraka在古伊斯兰语中代表祝福，这也是导演拍摄此片的初衷，祝福与我们共同存在在这颗蔚蓝地球上的一切。
绿皮书,2018,2019-03-01,"剧情,喜剧,历史",130,82,英语,彼得·法雷利,布莱恩·海耶斯·库里,世界上那么多孤独的人 因为他们都没有勇气迈出第一步,托尼（维果·莫腾森 Viggo Mortensen 饰）是一个吊儿郎当游手好闲的混混，在一家夜总会做侍者。这间夜总会因故要停业几个月，可托尼所要支付的房租和生活费不会因此取消，所以他的当务之急是去寻找另一份工作来填补这几个月的空缺。在这个节骨眼上，一位名叫唐雪莉（马赫沙拉·阿里 Mahershala Ali 饰）的黑人钢琴家提出雇佣托尼。唐雪莉即将开始为期八个星期的南下巡回演出，可是，那个时候南方对黑人的歧视非常的严重，于是托尼便成为了唐雪莉的司机兼保镖。一路上，两人迥异的性格使得他们之间产生了很多的矛盾，与此同时，唐雪莉在南方所遭受的种种不公平的对待也让托尼对种族歧视感到深恶痛绝。
安逸人生,1962,1962-12-05,"剧情,喜剧,冒险",105,82,意大利语,迪诺·里西,鲁杰罗·马卡里,简介,1962年的夏天，罗伯托和布鲁诺结伴去托斯卡纳地区游玩，这两人的性格年龄都大相径庭。罗伯托是个羞涩内向的学生，而布鲁诺则是个精力旺盛、反复无常的中年人。在旅途中两人慢慢熟悉了解，布鲁诺成功人士和上流社会的派头让罗伯托心生艳羡，但同时他也看到了布鲁诺空虚、肤浅和不快乐的另一面。
鬼灭之刃：无限列车篇,2020,2020-10-16,"动画,动作,奇幻",117,82,日语,外崎春雄,,挥舞此刀，断绝梦魇,炭治郎等人完成蝴蝶屋的训练，下一个目的地是开往黑暗的无限列车。以多人行踪不明的这辆列车为舞台，炭治郎带着祢豆子与善逸、伊之助一行人，与鬼杀队最强剑士〝柱〞其中之一炎柱炼狱杏寿郎会合，新的任务即将开始！
一年中的生活,2020,2020-11-27,"剧情,爱情",107,82,英语,Mitja Okorn,Will Matthews,简介,泰伦斯·霍华德(《嘻哈帝国》)确认加盟加盟新片[一年中的生活](Life In A Year，暂译)。该片将由Mitja Okorn执导，讲述一个17岁的男孩，在发现患有癌症的女朋友只剩下一年的生命后，决定在她还没离去的这一年给她一个完整的人生。贾登·史密斯、卡拉·迪瓦伊加盟主演，泰伦斯饰贾登的父亲。
克劳斯：圣诞节的秘密,2019,2019-11-08,"动画,家庭,喜剧",97,82,英语,塞尔吉奥·巴勃罗斯,Zach Lewis,A true selfless act always sparks another.,贾斯帕（詹森·舒瓦兹曼饰）被认为是邮政学院最差的学生，他驻扎在北极圈内的一个冰冻岛屿上，那里的当地人之间几乎不交流，更不用说写信了。当贾斯帕准备放弃之时，他找到了自己的盟友阿尔娃（当地的一名教师，拉什达·琼斯饰），并发现了克劳斯（奥斯卡奖得主 J·K·西蒙斯饰），克劳斯是一个神秘的木匠，独自住在一个满是手工玩具的小屋里。这几段不可思议的友谊让斯密伦斯堡又重新充满了欢声笑语，创造出了新的故事，这里有慷慨的邻居、神奇的传说和小心翼翼挂在烟囱上的长袜。《克劳斯：圣诞节的秘密》是一部节日喜剧动画片，由《神偷奶爸》联合创剧人塞尔希奥·巴勃罗斯担任导演，由琼·库萨克、威尔·萨索和诺曼·麦克唐纳徳联袂主演。
狼的孩子雨和雪,2012,2012-07-21,"动画,家庭,剧情,奇幻",117,82,日语,细田守,奥寺佐渡子,"One mother, two worlds, endless sacrifice...",在某国立大学念书的花（宫崎葵 配音）与偶然来校旁听的男子（大泽隆夫 配音）坠入爱河，即使对方是一名狼人，她也义无反顾投入对方怀抱。此后的岁月里，花先后生下女儿小雪和儿子小雨。谁知厄运突然降临，温柔的丈夫撒手人寰。柔弱而坚强的花竭尽全力抚养两个孩子长大，吃穿用度，衣食住行 ，无一不牵扯她的心思。而子女狼人的身份也迫使他们离开繁华大都市，前往宁静的山野乡村求生。他们在一栋古旧的民房内落脚，小雪顽劣张扬，小雨纤细内敛，姐弟俩以狼的身姿穿行于深山密林，享受着前所未有的快乐与自由。在此期间，以韭崎爷爷（菅原文太 配音）为代表的村民也给花一家带来无微不至的关怀。小雪和小雨渐渐长大，他们也终于迎来决定身份和前路的重要时刻……
五尺天涯,2019,2019-10-18,"爱情,剧情",116,82,英语,贾斯汀·贝尔杜尼,托拜厄斯·伊康尼斯,"When life keeps you apart, fight for every inch.",17岁女孩Stella和男孩Will身患囊肿性纤维化疾病，他们在医院治疗的过程中相识相爱，两人必须抓紧每分每秒活着的时间。他们的爱情能够战胜疾病和死亡吗？
无耻混蛋,2009,2010-10-14,"剧情,惊悚,战争",153,82,英语,昆汀·塔伦蒂诺,,一场可耻的，喧闹刺激的复仇之旅。,故事分五章进行。二战中德占法国，德军上校汉斯（克里斯托弗·瓦尔兹 Christoph Waltz 饰）号称“犹太猎人”，在一次屠犹行动中，少女苏珊娜（梅勒尼·劳伦特 Mélanie Laurent 饰）侥幸逃脱。与此同时，八名美国犹太士兵在中尉奥尔多（布拉德·皮特 饰） 的带领下潜入德占法国刺杀德国军人，其行动神出鬼没，手法残忍，对德军造成相当威胁，被称为“杂种”。三年后苏珊娜来到巴黎继承了姑母的电影院，结识了德国战斗英雄，电影《国家荣耀》的主演弗里德里克（丹尼尔·布鲁赫 Daniel Brühl 饰）。对苏珊娜一见钟情的弗里德里克说服德国宣传部长约瑟夫·戈培尔（西尔维斯特·格洛斯 Sylvester Groth 饰）在苏珊娜的影院首映《国家荣耀》，希特勒（马丁·乌特克 Martin Wuttke 饰）本人也将出席。苏珊娜决定借放映之机烧毁影院；而在德国间谍女演员布里奇特（戴安娜·克鲁格 Diane Kruger 饰）的安排下，英美联合的刺杀行动“奇诺”也将在首映当晚行动……
牯岭街少年杀人事件,1991,1991-07-27,"犯罪,剧情,爱情",237,82,汉语,杨德昌,杨顺清,简介,这部由杨德昌执导的台湾电影杰作，被誉为当代影坛最受推崇与渴求的作品之一。影片以六十年代初的台湾为背景，改编自一起震动全岛的真实案件。这部兼具宏大格局与私密情感的巨作，以小说般的笔触与沉静的凝视，聚焦一位少年（张震的银幕首秀）从纯真逐渐无可挽回地滑向犯罪深渊的过程，并交织着躁动青春、摇滚乐与政治动荡的压抑时代底色。
单向乐队：这就是我们,2013,2013-08-30,"纪录,音乐",92,82,英语,Morgan Spurlock,,Experience their lives on the road,继贾斯汀-比伯、凯蒂-佩瑞之后，英国当红偶像团体“单向乐队”(One Direction)也将拥有自己的3D音乐会纪录片，索尼公司今天宣布这部名为《单向乐队》(One Direction)的3D纪录电影将于2013年8月30日上映，索尼旗下三星影业(TriStar Pictures)将负责发行。
穿靴子的猫2,2022,2022-12-23,"动画,冒险,奇幻,喜剧,家庭",103,82,英语,汤米·斯威德洛,乔尔·克劳福德,Say hola to his little friends.,时隔11年，臭屁自大又爱卖萌的猫大侠回来了！如今的猫大侠（安东尼奥·班德拉斯 配音），依旧幽默潇洒又不拘小节、数次“花式送命”后，九条命如今只剩一条，于是不得不请求自己的老搭档兼“宿敌”——迷人的软爪妞（萨尔玛·海耶克 配音）来施以援手来恢复自己的九条生命。
福音战士新剧场版：终,2021,2025-10-31,"动画,动作,科幻,剧情",154,82,日语,庵野秀明,鹤卷和哉,再见了，所有的福音战士。,成为“第三次冲击”元凶的碇真嗣，变得像废人一样……真嗣还能振作起来吗？2012年《福音战士新剧场版：Q》之后，这部动画讲述了被封印的故事的后续。
致命魔术,2006,2006-11-10,"剧情,悬疑,科幻",130,82,英语,克里斯托弗·诺兰,克里斯托弗·普里斯特,千万别眨眼,19世纪末，人们对科学文明的认知还不太清楚，于是，安吉尔和伯登凭借魔术，成为了伦敦城内的神奇人物。安吉尔出身贵族，魔术手段华丽丰富，是富人圈子里的表演常客。而伯登即使出身平平，争强好胜的心智和充满创造力的魔术技巧，却也令他有了名气。两人自小便是要好的伙伴，然而，现在魔术界二人各有领地，并且都有野心想成为顶级魔术师，一番明争暗斗如箭在弦上。伯登掌握了精彩的分身术，叫座又叫好。而安吉尔见情势不妙，搬来科学家助阵——他发明的交流电有无穷魔力，保证让观众目瞪口呆。二人出招接招，一来一往，争斗在剧烈升级，友谊和道德都被抛诸脑后，一场血案在悄悄酝酿。
自己去看,1985,1985-07-09,"剧情,战争",136,82,俄语,埃莱姆·克利莫夫,阿莱斯·阿达莫维奇,战争最残酷的一面。,这是一部很特殊的战争题材电影，它真实地描写了德占区人民的悲惨遭遇和场面，以及人们面对突如其来的灾难的恐惧，反映了战争的真实面目。它既不同于《斯大林格勒保卫战》、《攻占柏林》这些正面战场的血肉横飞、排山倒海、摧枯拉朽，也不同与《这里的黎明静悄悄》、《星》所描写的局部战斗中体现的平凡悲壮，更不是战地浪漫曲，而是降临在平民百姓头上血淋淋的残酷。影片的事件和恐怖场面远超过任何一部描写德军集中营的电影，令人毛骨悚然，提醒胆小和心软者慎看。
星球大战4：新希望,1977,1977-05-25,"冒险,动作,科幻",121,82,英语,乔治·卢卡斯,,很久很久以前，在遥远的银河系……,很久以前，在一个遥远的银河系……莱娅公主被邪恶的帝国势力挟为人质，企图镇压反抗银河帝国的起义军。卢克·天行者与汉·索罗船长携手可爱的机器人搭档R2-D2和C-3PO，共同踏上拯救美丽公主、恢复银河系正义的征程。[20世纪福克斯]
相助,2011,2012-04-23,剧情,146,82,英语,塔特·泰勒,Kathryn Stockett,从一句悄悄话开始改变,上世纪60年代，在密西西比州，黑佣艾比里恩（维奥拉•戴维斯 Viola Davis 饰）勤勤恳恳照顾女主人的女儿，后者因产后抑郁症只顾与闺蜜贪欢。密西西比大学毕业生斯基特（艾玛•斯通 Emma Stone 饰）在报社负责家庭主妇信箱，并由此开始黑佣的生存状态。其中，希利（布莱丝•达拉斯•霍华德 Bryce Dallas Howard 饰）无疑是反面教材，她态度傲慢，对黑佣米妮（奥克塔维亚•斯宾瑟 Octavia Spencer 饰）抱有偏见，并力主黑佣不能与主人共用厕所。最终因不堪受辱，米妮愤然离去，并以牙还牙，假借道歉之机让她蒙羞。斯基特开始采访艾比里恩和米妮，希望了解黑佣的生存状态，并为自己的新书积累素材。与此同时，马丁路德金领导的平权运动正在如火如荼地开展，而斯基特所在的密西西比州正是斗争的前沿，因为黑人遭射杀的血案，种族隔离开始，一场肤色之争在所难免……
控方证人,1957,2025-11-28,"剧情,悬疑,犯罪",116,82,英语,比利·怀尔德,阿加莎 克里斯蒂,我们时代最激动人心的娱乐盛宴！,本片改编自阿加莎·克里斯蒂同名小说。  伦敦著名刑案辩护律师韦菲爵士接受了心脏病治疗，但是身体依旧虚弱，第一天回家休养，护士一直严厉监督他服药，并杜绝烟酒。管家为了便于上楼，还专门为他修了电梯。但是，种种关心照顾，对于这位桀骜不驯、牙尖嘴利的大律师根本不起作用，反倒是一纸诉状令他倍感兴奋。律师梅休和当事人沃尔登门拜访，请他出山打官司。原来，沃尔结识了富婆，两人相见甚欢，虽然仆人对他发明的打蛋器充满鄙夷，但是富婆却对他充满爱意，甚至为他修改了遗嘱，把8万英镑留给了他。然而，富婆却惨遭毒手。于是，沃尔成为警方的头号嫌疑犯。他的唯一证人是妻子克里斯汀，然而后者登门时的冷漠与淡定，令韦菲爵士怀疑这其中另有隐情。在扑朔迷离的案件背后，隐藏着一个个环环相扣、不可告人的秘密……
妈咪,2014,2014-09-19,剧情,138,82,法语,泽维尔·多兰,,爱他人并不能拯救他们。,单亲妈妈戴安（安妮·杜尔瓦勒 Anne Dorval 饰）大大咧咧，抽烟喝酒满口脏话，有着一颗不服输的心。她独自抚养患有多动症、常做出暴力行为的儿子斯蒂夫（安托万-奥利弗·波尼安 Antoine-Olivier Pilon 饰），母子关系游走在爆炸的边缘。戴安担心斯蒂夫惹是生非，斯蒂夫迫切想表达对妈妈的爱。新邻居凯拉（苏珊娜·克莱蒙 Suzanne Clément 饰）适时出现，这位患有失语症的高中女教师充当了母子的缓冲阀，让三个人都开始看到平衡和希望。然而斯蒂夫以前暴力行为带来的后果正在发酵，戴安需要支付一大笔赔偿金。她决定出卖自己的幸福并且做出一个痛苦决定：将儿子送回医院接受治疗......  《妈咪》是加拿大年轻导演泽维尔·多兰执导的第五部剧情长片，与多兰五年前在戛纳导演双周单元惊艳亮相的处女作《我杀了我妈妈》构成对照，同样讲述单亲家庭中狂躁而又深刻、依赖而又隔膜的母子关系。但不同于《我杀了我妈妈》的高度自传属性，《妈咪》更加宽厚和温暖，情绪更加饱满，几乎可以看作是多兰为自己处女作年少轻狂做出的一份愧意表达。本片入围第67届戛纳电影节主竞赛单元，与《再见语言》并列评审团奖。
闪灵,1980,2026-01-30,"恐怖,惊悚",143,82,英语,斯坦利·库布里克,斯蒂芬·金,现代恐怖小说的杰作。,杰克是一个作家。一个冬天，他得到了一个看管山顶酒店的差事。这正合杰克的意思，他正好可以有一个幽静的地方写作。于是杰克带着妻儿搬进了酒店。冬天大雪封路，山顶酒店只有杰克一家三口。从他们一搬进来，杰克的妻子温蒂就发现这里气氛诡异，杰克的儿子丹尼经常看到一些他不认识的人，但这里除了他们一家别无他人。而杰克除了一整天闷头写作外，脾气亦变得越来越古怪。直到有一天，温蒂发现丈夫这些天来一直写就只有一句话：杰克发疯了！
砂之女,1964,1964-02-15,"剧情,惊悚",123,82,日语,安部公房,敕使河原宏,令人魂牵梦萦。情色撩人。难以忘怀。,一个昆虫学家（冈田英次 饰）在沙漠做野外考察，却不慎错过归程班车，被困在一个沙漠中的小村子里。他落脚在一个寡妇（岸田今日子 饰）家，被招待之后发现通往外界的路已经被封住。他慢慢观察村子的各种古怪，比如全部村民每到夜晚都要出动铲沙，以免居住的房屋被沙子埋掉，所有的水都受到管制，实行配给制使用等。收留他的寡妇开始用身体诱惑他，试图和他重组一个家庭，他几次三番尝试逃走都以失败告终，只好表面上虚与委蛇，进入村子定期劳动、享受配给的生活模式，但他内心始终在做逃走的打算。一日，寡妇突发急病，被医生诊断为意外怀孕，大家手忙脚乱带她去送医，男人终于有了千载难逢的逃走机会……
禁闭岛,2010,2010-02-19,"剧情,惊悚,悬疑",138,82,英语,马丁·斯科塞斯,丹尼斯·勒翰,有些地方永远不会让你走。,故事发生于波士顿海湾的一座与世隔绝的小岛上，66名精神病罪犯被关押于此，传言岛上正在进行种种人体实验。重重戒备之下，一个杀害了三个亲生孩子的女犯雷切尔，竟诡异失踪。联邦执法官泰德·丹尼尔和搭档查克奉命上岛调查此事。而泰德此行前来还有一个隐秘的目的——寻找让妻子 葬身火海的凶手。故事遵循这条线索展开，寻找失踪之谜、访问医院工作人员与病人、地毯式搜查……泰德查遍全岛，意外发现岛上多出一份神秘档案：第67号病人的 ！岛上所有秘密无不纠结于这个多出来的人。但究竟谁是67号？
寻梦环游记,2017,2017-11-22,"家庭,动画,音乐,冒险",105,82,英语,李·昂克里奇,阿德里安·莫利纳,在爱的记忆消失前 请记住我,尽管家族世代对音乐有着令人费解的禁令，米格尔仍梦想成为偶像埃内斯托·德拉克里兹那样杰出的音乐家。急于证明自己的才华，米格尔因一连串神秘事件而误入绚丽多彩的亡灵之地。途中，他遇到了迷人的捣蛋鬼埃克托，两人携手踏上非凡旅程，揭晓米格尔家族历史背后尘封的真相。[迪士尼/皮克斯]
黑帮悍将,1993,1993-02-05,"犯罪,剧情,惊悚",190,82,英语,泰勒·哈克福德,Jimmy Santiago Baca,An epic story of three brothers. Bound by blood. Divided by fate. Driven by destiny.,影片以诗人吉米·圣地亚哥·巴卡的真实生活经历为基础，重点讲述了帕科和克鲁兹的同父异母兄弟，以及他们的两个种族表兄米科。影片于1972年开拍，因为这三人是洛杉矶东部一个叫“瓦托斯机车”的团伙的成员，故事的重点是暴力犯罪和毒品的影响如何改变他们的生活。
防弹少年团世界巡回演唱会：在首尔爱自己,2019,2019-01-26,"音乐,纪录",113,82,朝鲜语,Son Sung-deuk,,简介,"在 BTS 世界巡回演唱会 ""Love Yourself ""期间于首尔奥林匹克体育场拍摄，以庆祝这个全球男孩组合的七名成员及其前所未有的国际现象。"
黑暗正义联盟：天启星战争,2020,2020-05-05,"动画,动作,冒险,奇幻",90,82,英语,Mairghread Scott,丹尼·奥尼尔,The war to end all wars.,在星际暴君达克赛德（Darkseid）摧毁正义联盟（Justice League）后，地球被毁灭了，这场战争是由DC超级英雄发动的。现在，正义联盟、少年泰坦、自杀小队和其他各色各样的好堡垒必须重新集结，制定战略，并将战争带到黑暗世界，以拯救地球及其幸存居民。
血战钢锯岭,2016,2016-12-08,"剧情,历史,战争",139,82,英语,梅尔·吉布森,安德鲁·奈特,夭矫慕清颜 野村出少年 行伍多龃龉 矢志不为迁 百死身未远 侠骨锻烽烟 黄沙葬焦骨 孰叹孰疯癫,故事改编自二战上等兵军医戴斯蒙德·道斯的真实经历，他因为在冲绳岛战役中勇救75人生命而被授予美国国会荣誉勋章，同时也是首位获此荣誉的在战场上拒绝杀戮的医疗兵。
被解救的姜戈,2012,2013-05-12,"剧情,西部",163,82,英语,昆汀·塔伦蒂诺,,生命、自由与复仇的追求。,姜戈是一名奴隶，他与前主人间那段饱受虐待的过往，让他最终与德裔赏金猎人金·舒尔茨医生狭路相逢。舒尔茨正在追踪杀人如麻的布里特尔兄弟，而只有姜戈能带他找到这帮悬赏目标。行事不循常规的舒尔茨赎下了姜戈，并承诺抓住布里特尔兄弟后——无论死活——便给予他自由。
神秘博士：博士之日,2013,2013-11-23,"科幻,冒险",75,82,英语,Nick Hurran,史蒂文·莫法特,神秘博士五十周年特别篇,被列入世界吉尼斯纪录的最长科幻系列电视剧《神秘博士》将迎来第50周年的播放纪念。为了庆祝这部长寿电视剧的半百生日，英国广播公司BBC电视台制作了《神秘博士》特辑，不仅将在英国电视台和电影院同步播映，还将首次以3D形式与观众见面。
桃色公寓,1960,1960-06-21,"喜剧,剧情,爱情",125,82,英语,比利·怀尔德,I. A. L. 戴蒙德,就电影而言，从未有过这样的作品——论笑料、论爱情，还是论其他任何方面！,C. C. Baxter是纽约一个大公司的小职员，他的单身公寓经常被公司的高层们用去当作幽会的场所，Baxter也因此获得不少升迁的机会。Baxter暗恋着公司的电梯女郎Fran Kubelik，这天他终于鼓起勇气约了她晚上一起去看一出戏剧。然而Baxter等了一晚却未见Fran的踪影，原来Fran是公司的高管有妇之夫Jeffery Sheldrake的地下情人，那晚他们还在Baxter的公寓幽会。Jeffery信誓旦旦向Fran表示，他将和他的妻子离婚然后和她名正言顺地在一起。Fran相信了，然而几个星期后她又从Jeffery的上一任情人知晓了Jeffery所说的不过是个谎言。另一方面，在一个夜里，当Baxter回到他家的时候，意外地发现Fran竟倒在他的床上，并且服了很多安眠药企图自杀......  本片获1960年奥斯卡十项提名，赢得包括最佳导演、最佳影片在内的五项大奖。
我的母亲有话说,2019,2019-12-26,喜剧,110,82,葡萄牙语,Susana Garcia,Fil Braz,简介,Dona Hermínia will have to rediscover and reinvent herself because her children are forming new families. This supermom will have to deal with a new life scenario: Marcelina is pregnant and Juliano is getting married.
宇宙小子大电影,2019,2019-08-26,"电视电影,动画,家庭,冒险,奇幻",90,82,英语,瑞贝卡·舒格,Joe Johnston,The true kinda love.,讲述史蒂文以为他保护地球的日子结束了，但新的反派来到沙滩市，史蒂文平静美丽的日子也完了，他遇到了人生中最大的挑战。
小姐,2016,2016-06-01,"惊悚,剧情,爱情",145,82,朝鲜语,朴赞郁,萨拉·沃特斯,一只章鱼哥，两双剪刀脚。,故事背景设定在1930年代日本占领时期的朝鲜。新人女仆淑熙受雇服侍日本贵族秀子，后者与专横的舅舅居住在一座偏僻的乡间大宅中。然而女仆怀揣秘密：她实为一名扒手，受假冒日本伯爵的骗子招募，企图助其引诱小姐私奔，夺取财产后将秀子关进疯人院。计划似乎顺利进行，直到淑熙与秀子之间萌生了意料之外的情愫。
河狸变身计划,2026,2026-03-20,"冒险,动画,喜剧,家庭,科幻",99,82,英语,丹尼尔·钟,杰西·安德鲁斯,表现得自然一点。,梅宝是一位对动物世界充满好奇的年轻女孩，她利用先进的意识上传技术，将自己的思维注入一只机械河狸体内。以这种独特的形态，梅宝结识了河狸王国的乔治国王等动物伙伴。然而，一个由房地产开发计划带来的威胁，正试图破坏动物们的栖息地。梅宝与她的新朋友们联手，利用机械河狸的能力和人类的智慧，共同对抗这个危机，守护动物们的家园。
摇篮,2024,2024-08-23,"剧情,家庭",123,82,英语,亚历克斯·肯德里克,斯蒂芬·肯德里克,Whoever wants the next generation the most will get them.,高中毕业后，以赛亚对未来没有任何规划，他受到激励，开始做出更好的人生决定。
对一个不容怀疑的公民的调查,1970,1970-02-12,"剧情,惊悚",111,82,意大利语,Elio Petri,乌戈·皮罗,简介,这位极具挑衅性的意大利电影导演埃利奥·佩特里在国际上最受赞誉的作品，便是这部荣获奥斯卡奖、令人震撼且直击人心的杰出惊悚片。在讲述一位罗马警探调查一桩令人发指的罪行——而凶手正是他自己——这一卡夫卡式故事时，佩特里巧妙维系了荒诞与写实间的平衡。影片既是对人物的深刻剖析，亦是对1960年代末至70年代初意大利政府高压镇压的尖锐评论。佩特里对超现实官僚体系的动态描摹，呈现出一幅反常又愉悦的受控混乱图景。[标准收藏]
比莉·艾利什：模糊世界,2021,2021-02-26,"纪录,音乐",140,82,英语,R. J. Cutler,,简介,熟悉的歌声响起，从小到大的她的影像出现，聚焦这个尚未满19岁的年轻歌手的崛起、她那些改变了自己和许多人人生的音乐、她台前幕后的生活。
泰勒·斯威夫特：“举世盛名”巡回演唱会,2018,2018-12-31,音乐,125,82,英语,保罗·达格代尔,,在名誉的废墟之上，她第一次触摸到了真实的生命。,您已读过头条，听过传闻，而现在她将用红唇唱出真相。泰勒·斯威夫特将赠予全世界观众近距离观赏“泰勒·斯威夫特的名誉体育场巡回演唱会”在美国最后一场表演的机会，该巡回演唱会是美国历史以来销售额最高的巡演，现在仅在 Netflix 上放映！这部传奇的演唱会电影将展示火焰特技、烟花、数个场景以及 63 英尺的眼镜蛇卡林。《泰勒·斯威夫特的名誉体育场巡回演唱会》将从 12 月 31 日起在 Netflix 上面向全球上线，您可以随处观看这场销售一空并追高清囊括 6 万人的表演——无论是在家庭聚会上，东区的酒吧里，还是在沙发上和猫一起看。无论如何，这都将是一个最佳的新年夜计划。你准备好了吗？
无知的声音,2005,2005-01-28,"剧情,战争",120,82,西班牙语,Luis Mandoki,Oscar Orlando Torres,简介,20世纪80年代伊始，位于中美洲北部的小国萨尔瓦多爆发长达12年的内战。政府军和游击队连年激战，人民流离失所，国家破败不堪。11岁的男孩恰瓦（Carlos Padilla 饰）和母亲、姊妹生活在一起，他的父亲背井离乡，杳无音信。家中的生活困苦不堪，死亡也随时威胁着他们。本该在学堂求学的恰瓦，却被迫成为了一名端着冲锋枪的娃娃兵。从此，死神成为这群懵懂孩童最亲密最恐怖的同行者……
狼行者,2020,2020-10-04,"动画,家庭,冒险,奇幻",102,82,英语,Ross Stewart,汤姆·摩尔,Be fierce. Be wild. Be free.,在一个充满迷信与魔法的时代，年轻的见习猎人罗宾·古德费洛跟随父亲前往爱尔兰，奉命消灭最后一群野狼。在城墙外的禁忌之地探险时，罗宾结识了无拘无束的女孩梅芙——她来自一个神秘部落，传说其族人能在夜晚化身为狼。在寻找梅芙失踪母亲的过程中，罗宾逐渐揭开了惊人的秘密，她不仅更深地卷入狼行者的奇幻世界，更可能变成父亲奉命摧毁的存在。
发条橙,1971,1971-12-19,"科幻,犯罪",137,82,英语,斯坦利·库布里克,安东尼·伯吉斯,一个主要兴趣是强奸、极度暴力和贝多芬的青年的冒险。,阿利斯是一位无恶不作的少年，他的特殊喜好是边听贝多芬的交响曲边奸淫女性，某次他进入一所别墅抢劫一番后，打残了该别墅的主人——一名小说家，并用特殊喜好蹂躏了其妻子。后来因为杀了一名单身女子，阿利斯入狱并接受了特殊的人格治疗，出狱后，他对淫乐之事产生彻底的厌倦。但当阿利斯回到家时，周围人群没改变对他的旧看法，在种种歧视的重压下，他跑到郊外一所别墅想喘口气，不想这所别墅正是他以前抢劫过的小说家的那所。而作为反政府组织首领的该小说家为了达到某种目的，软禁了阿利斯。当这件事暴露小说家被捕时，其手下为了对抗政府，扬言要把阿利斯恢复原来的性情，完全不理一旁的阿利斯大叫“我完全好了”。
记忆碎片,2000,2026-05-29,"悬疑,惊悚",113,82,英语,克里斯托弗·诺兰,,有些记忆在被忘掉了时是最好的。,警方不予受理后，伦纳德·谢尔比执意追查强奸杀害妻子的凶手。然而，一种罕见且无法治愈的失忆症，使他踏上复仇之路难上加难。
异形,1979,2016-04-16,"恐怖,科幻",117,82,英语,丹·欧班农,雷德利·斯科特,在遥远的太空 无人能听到你的尖叫,未来的世界，人类已能轻松穿梭于星际之间，在太空中展开商业活动。“诺斯特罗莫”是在太空活动的众多星际商业运输船之一。一次，它完成任务满载太空矿石返航地球时，突然收到了一组奇怪的信号，由于这可能是求救信号，飞船接到指令前往信号源地进行搜救。经过一段飞行后，飞船终于抵达信号源发出的地方。船员们发现此处果然有一艘坠毁的飞船，只是，经过一番搜索，他们发现该船的船员们都早已死亡，化为化石。此时，留在“诺斯特罗莫”号的第三指挥官蕾普莉已经破译出该信号并不是求救信号，而是警告信号！队员的生死搏斗开始了！
蓦然回首,2024,2024-10-26,"动画,剧情",75,82,日语,押山清高,,漫画让他们走到了一起，而生活则让他们成为了最好的朋友。,藤野是一名小学四年级学生，她在校报上连载的四格漫画专栏获得了同学们的一致好评。然而某天她的老师却突然告诉她，逃学的京本想在报纸上刊登自己的漫画。两个女孩对漫画的共同热情让她们走到了一起，直到有一天，某件事的发生打破了这一切，一个令人揪心的成长故事就此展开。
非常嫌疑犯,1995,1995-08-16,"剧情,犯罪,惊悚",96,82,英语,布莱恩·辛格,克里斯托弗·麦夸里,五个罪犯， 一条线， 没有巧合！,美国加州的圣佩雷罗港一艘货轮爆炸，死亡27人，9000万美元失踪。事故发生以后，联邦调查局探员白基奇在医院等待昏迷不醒的幸存者；海关特派员大卫（查兹•帕明特里 饰）则对另外一名拿到特赦令的幸存者金特（凯文•史派西 饰）进行了审问。金特供认，在事故中丧生的基顿（加布里埃尔•伯恩 饰）、法特（本尼西奥•德托罗 饰）、麦曼诺（斯蒂芬•鲍尔文 饰）和杜学尼（凯文•波拉克 饰），以及他本人，六个月前被警察局作为卡车抢劫案的疑犯带到警局过了一夜，五人因此结成了一个犯罪团伙，狼狈为奸……
我在雨中等你,2019,2019-08-09,"剧情,爱情",109,82,英语,西蒙·柯蒂斯,加斯·斯坦,Meet the dog who will show the world how to be human.,影片改编自Garth Stein所著同名畅销小说，聚焦一只名叫恩佐的狗狗，和他的主人——职业赛车手Denny Swift，恩佐跟着Denny学会了很多生活哲学。
偷自行车的人,1948,1948-11-24,剧情,93,82,意大利语,维托里奥·德西卡,切萨雷·扎瓦蒂尼,他们想要审查的那部影片！,这部荣获奥斯卡奖的维托里奥·德西卡作品，被全球影坛誉为有史以来最伟大的电影之一，界定了电影史上的一个时代。在战后贫困的罗马，一个男人得到了一份能为其绝望家庭带来救赎希望的新工作，然而开工第一天，他工作必需的自行车便遭窃。他带着年幼的儿子，踏上了寻找窃贼的征程。结构简朴而人性洞察深刻，本片凝聚了意大利新现实主义运动的最大优点：情感上的澄澈、社会意义上的正直，以及残酷的诚实。
20世纪少女,2022,2022-10-06,"爱情,剧情",119,82,朝鲜语,方宥力,,A first love pov story.,1999年，一名少女为了大犯花痴的好友而密切关注学校里的一个男生，结果却展开了自己的爱情故事。
BLACKPINK：照亮天空,2020,2020-10-14,"纪录,音乐",79,82,朝鲜语,卡罗琳·萨,,The rise of a global phenomena.,打破纪录的韩国女子团体 BLACKPINK 讲述她们的故事：不仅分享了为实现梦想而努力奋斗的人生旅程，还诉说了迅速走红背后所经受的试炼。
心灵捕手,1997,1997-12-05,剧情,126,82,英语,格斯·范桑特,马特·达蒙,有些人永远无法相信自己，直到有人相信他们。,麻省理工学院的数学教授蓝波在席上公布了一道困难的数学题，却被年轻的清洁工威尔（马特·戴蒙 饰）解了出来。可是威尔却是个问题少年，成天和好朋友查克（本·阿弗莱特 饰）等人四处闲逛，打架滋事。当蓝波找到这个天才的时候，他正因为打架袭警被法庭宣判送进看守所。蓝波向法官求情保释，才使他免于牢狱之灾。蓝波为了让威尔找到自己的人生目标，不浪费他的数学天赋，请了很多心理学专家为威尔做辅导，但是威尔十分抗拒，专家们都束手无策。无计可施之下，蓝波求助于他大学的好友，心理学教授尚恩（罗宾·威廉姆斯 饰），希望能够帮助威尔打开心房。经过蓝波和尚恩的不懈努力，威尔渐渐敞开心胸，而好友查克的一席话，更是让他豁然开朗。
无间道风云,2006,2006-10-05,"剧情,惊悚,犯罪",151,82,英语,马丁·斯科塞斯,威廉·莫纳汉,警察还是罪犯。当你面对一把上膛的枪时，这二者又有何区别？,这部由马丁·斯科塞斯执导的硬派犯罪剧情片，将我们带入两名警察的人生：科林·沙利文（马特·达蒙 饰）精明而野心勃勃，看似在麻省州警精英特别调查组中拥有快速晋升通道，该部门的首要目标是势力庞大的爱尔兰黑帮头目弗兰克·卡斯特罗（杰克·尼科尔森 饰）。比利·科斯蒂根（莱昂纳多·迪卡普里奥 饰）熟知街头法则且强悍坚韧，却因被指暴力倾向而失去警徽，最终重回南波士顿的混乱街头，并被招募加入卡斯特罗的团伙。然而两人皆隐藏着真实身份，当他们在对立阵营中展开行动时，被迫卷入一场生死攸关的致命猫鼠游戏。[华纳兄弟]
熔炉,2011,2011-09-22,剧情,123,82,朝鲜语,黄东赫,孔枝泳,那个令人恐惧的真相，被隐藏得太久了。,本片取材于2005年光州一所聋哑障碍人学校的真实事件，改编自韩国作家孔枝泳的同名小说。
Top Gun: Maverick,2022,2022-05-27,"动作,剧情",131,82,"$170,000,000.00",吉姆·卡什,杰克·埃普斯,冲破极限，只为速度而生,作为海军顶尖飞行员服役30多年后，皮特·米切尔（代号：“独行侠”）（汤姆·克鲁斯 饰演）决定打破体制的限制，成为一名试飞员接受更大的挑战。当他接到命令，为一项高难度特殊任务训练一群“高空利剑”项目的毕业生时，他遇到了已故的好友兼雷达截获官，代号“笨鹅”的尼克·布拉德肖中尉之子布莱德利·布拉德肖中尉（代号：“公鸡”）。  面对不确定的未来和难以释怀的心魔，独行侠必须战胜内心深处的恐惧。因此，他参与了一项需要巨大牺牲才能完成的任务
终结者2：审判日,1991,2000-05-18,"动作,惊悚,科幻",137,82,英语,詹姆斯·卡梅隆,盖尔·安妮·赫德,这绝非针对个人。,上一部中，超级电脑“天网”阻止人类抵抗领袖约翰·康纳诞生的行动失败，时隔13年后，在“审判日”到来之前，“天网”派出了更加先进的生化机器人T-1000（罗伯特·帕特里克 饰）从公元2029年回到洛杉矶追杀已经长大的约翰，与此同时，约翰也派出了机器人T-800（阿诺· 施瓦辛格 饰）回去保护年幼的自己。
红胡子,1965,1965-04-03,剧情,185,82,日语,黑泽明,山本周五郎,生活的关键是什么——是权力、声望还是内心的平静？,黑泽明执导这部歌颂人性光辉的经典之作，影片围绕一位傲慢的年轻医生与仁厚的诊所院长之间跌宕起伏的羁绊展开。三船敏郎在他与黑泽明合作的最后一部作品中，以极具力量的表演诠释了这位威严而富有同理心的院长形象，引导其学生走向成熟，教会那位愤世嫉俗的实习医生珍视贫困患者的生命。黑泽明精准捕捉了19世纪日本的时代风貌与人文气息，将时间、地域与情感交织成一幅引人入胜的画卷。[标准收藏]
疤面煞星,1983,1983-12-09,"动作,犯罪,剧情",170,82,英语,布莱恩·德·帕尔玛,奥利弗·斯通,世界是你的...,古巴难民青年托尼（阿尔•帕西诺 Al Pacino 饰）逃难来到了美国的迈阿密，成了一个典型的天不怕、地不怕的美国街头小混混。托尼在当地的一个毒枭手下干活，因其心狠手辣、胆大心细，十分出色地帮老大完成了几件任务而迅速受到赏识，成为毒枭的第一得力助手。然而托尼并没有就此满足，他先是从委内瑞拉的毒枭那里接下了大单子，接着将自己的眼中钉一颗颗除去，势力不断扩大。当他的老大感受到威胁时已经太晚了，托尼将老大干掉然后一统了迈阿密毒品市场的天下。托尼得势后他的性格开始变得疑神疑鬼，对周围的人甚至至亲的家人、好兄弟都充满怀疑。疑心使他逐渐走上了不归路！
楚门的世界,1998,1998-06-05,"喜剧,剧情",103,82,英语,彼得·威尔,安德鲁·尼科尔,如果再也不能见到你，祝你早安午安晚安。,二十九年前，一名男婴被奥姆尼康电视公司收养，从此成为全球最受欢迎的电视节目的主人公。他的名字叫楚门·伯班克。[派拉蒙影业]
东京物语,1953,1953-11-03,剧情,136,82,日语,小津安二郎,野田高梧,只要生命延续，父母与子女间的关系就会带来无尽的欢乐与不尽的哀愁。,一部对人类本质与世间别离的深刻感怀之作，是电影巨匠小津安二郎导演生涯的至高杰作。以战后繁忙的东京为背景，讲述一对老夫妇前往探望成年子女的旅程，以导演一贯的细腻笔触与敏锐的社会观察，描摹出家庭生活中丰富而复杂的景象。笠智众与原节子等小津班底的动人演绎，使影片深入拓展了导演一以贯之的代际隔阂主题，无疑成就了电影史上最伟大的杰作之一。
何以为家,2018,2019-04-29,剧情,126,81,阿拉伯语,娜丁·拉巴基,Khaled Mouzanar,我要控告我的父母 因为他们生下了我,法庭上，十二岁的男孩赞恩向法官状告他的亲生父母，原因是，他们给了他生命。是什么样的经历让一个孩子做出如此不可思议的举动？故事中，赞恩的父母在无力抚养和教育的状况下依然不停生育，作为家中的长子赞恩，弱小的肩膀承担了无数生活的重压。当妹妹被强行卖给商贩为妻时，赞恩愤怒离家，之后遇到一对没有合法身份的母子，相互扶持勉强生活。然而生活并没有眷顾赞恩，重重磨难迫使他做出了令人震惊的举动……
哪吒之魔童闹海,2025,2025-01-29,"动画,动作,奇幻,冒险",144,81,"$80,000,000.00",饺子,,Witness a hero reborn.,天劫之后，哪吒、敖丙的灵魂虽保住了，但肉身很快会魂飞魄散。太乙真人打算用七色宝莲给二人重塑肉身。但是在重塑肉身的过程中却遇到重重困难，哪吒、敖丙的命运将走向何方？ 申公豹放出被囚的四龙王，东海龙王敖光表示“我若出战，就让陈塘关鸡犬不留”，哪吒为了守卫陈塘关将与四海龙王大打出手。
泰勒·斯威夫特：时代巡回演唱会,2023,2023-12-31,音乐,169,81,英语,萨姆·伦奇,,期待已久。,体验由独一无二的泰勒·斯威夫特带来的、令人叹为观止的“时代巡回演唱会”。 《泰勒·斯威夫特：时代巡回演唱会》（Taylor Swift: The Eras Tour）是一部于2023年上映的演唱会音乐纪录电影，由美国创作歌手泰勒·斯威夫特亲自担任制片并主演，萨姆·伦奇执导。影片全程拍摄于巡演2023年8月3日至5日在美国洛杉矶SoFi体育场举办的三场演唱会，是“泰勒·斯威夫特 'Eras' 世界巡回演唱会”的电影版本。 该片于2023年10月13日在北美正式上映，12月13日上线流媒体点播平台，12月31日在中国大陆上映。2023年10月11日（美国时间），电影首映礼在洛杉矶隆重举行。 值得关注的是，由于本片并非由电影和电视制片人联盟成员公司的制作团队参与，因此得以在2023年好莱坞劳资纠纷罢工期间顺利进行制作。在与好莱坞主要电影及流媒体公司发行协议谈判破裂后，斯威夫特转而与AMC电影院达成发行协议，随后亦与Cinemark电影院达成合作。 自影片宣布以来，便引发了极大的关注度和票务需求，部分电影公司因此紧急将原定于10月13日上映的影片进行改档调整。该片预售首日即斩获3700万美元票房，打破多项美国电影首日预售纪录，并于2023年10月5日预售总额突破1亿美元，最终获得吉尼斯世界纪录认证，成为“史上全球票房最高的音乐会电影”。
鹬,2016,2016-06-17,"家庭,动画",6,81,英语,Alan Barillaro,,简介,皮克斯2016动画长片《海底总动员2》的前贴片，讲述了一只饥饿的小矶鹬，努力克服恐水症，到海浪肆虐的沙滩上觅食的故事。原来成长就是要抛去曾经的视角，才能看到最美的未来
第七封印,1957,1957-02-16,"奇幻,剧情",96,81,瑞典语,英格玛·伯格曼,,关于死亡挑战的故事。,十字军东征归来的骑士精疲力竭，发现中世纪瑞典正被瘟疫笼罩。当披着斗篷的死神突然现身时，骑士向他发起了象棋对决的挑战。随着这场命运棋局的推进，骑士与随从在绝望的社会中邂逅了形形色色的边缘人。导演英格玛·伯格曼以此展开对信仰本质与死亡折磨的深邃追问。作为当时最具影响力的电影之一，本片不仅是人类探寻意义的震撼寓言，更是一部凝练的视觉诗篇。[标准收藏公司]
朝花夕誓：于离别之朝束起约定之花,2018,2019-02-02,"动画,剧情,奇幻",115,81,日语,冈田麿里,,爱上他人，便是孤独的开始,在世界的尽头，住着一群被称为“离别一族”的古老民族：他们拥有着长寿之血和永生不老的面容。在一场外族入侵的战役中，离别一族惨遭灭族，15岁的玛奇亚虽然侥幸逃生，却彻底和朋友失去了联系。孤身一人的她在残骸中拾到了一个普通人家的遗孤，并决定收养它。然而随着时间的流逝，玛奇亚必须要学会如何做一个母亲，经历人间的生离死别，并在朝代的更迭中守护“离别一族”最后的信仰…
多哥,2019,2019-12-20,"冒险,家庭",113,81,英语,埃里克森·科里,汤姆·弗林,不为人知的真实故事,聚焦1925年雪橇手和雪橇犬齐心协力为拯救阿拉斯加州诺姆市孩子的性命而奔波于血清接力路上的事件，被称为“Great Race of Mercy”。本片将登陆迪士尼自家流媒体，2019年推出。  1924年年底，诺姆市一个2岁小孩生病，医生诊断其患有扁桃体炎，这种疾病通常不会有生命危险，然而这个小孩成为例外，接下来很多孩子都被诊断患上了扁桃体炎，有几个不幸离世，医生最终确认这种病症是白喉。当时有一种疫苗能够用来对付白喉，然后诺姆市的疫苗全部过期，新疫苗在港口关闭前却未能送达，来年6月波罗的海才会解冻，也没有公路直通诺姆市、没有飞机，唯一运输货物的通道是邮路，然而冬天只有雪橇犬能够通行。卫生局决定使用两组雪橇犬接力运输，20个雪橇手和150只雪橇犬必须日夜兼程，经过河流，跨过平原，穿过森林，穿越冰冻的阿拉斯加邮路。最近的疫苗所在地为南纳，距离诺姆市1085公里，一般情况下狗拉雪橇需要费时25日，而他们只花了5天半就成功完成接力，拯救了多名孩子的性命。  本片主角Togo是挪威赶雪橇高手Leonhard Seppala(达福饰)使用的其中一只领头犬，因机智、卓越的领导力和敏锐的直觉备受称赞。Seppala被委任传送这场接力中最危险的一段，从诺姆到奴拉托接收那批免疫血清，在零下30度、七级以上强风的环境下成功完成了任务。之后南极探险家Roald Amundsen为Togo颁发了一枚金牌。  比约恩饰演一名接力人员，在途中背叛了Seppala。
寻子遇仙记,1921,1928-04-29,"喜剧,剧情",68,81,英语,查理·卓别林,,六卷欢乐。,当查理·卓别林决定突破短片形式、创作其首部长片时，他已是国际巨星。本片不仅展现了卓别林职业生涯的转折点——证明了自己是一位严肃的电影导演，它本身亦是默片时代一部极具感染力的杰作。片中，他再次扮演那可爱的流浪汉角色，这次他收养了一个从街头救下的孤儿。卓别林与库根在这部情感与滑稽绝妙融合的作品中缔造了一对奇迹般的搭档。正如影片开场的字幕卡所言，这是“一部带笑——或许，也带泪的电影”。
卡萨布兰卡,1943,1943-07-07,"剧情,爱情",102,81,英语,迈克尔·柯蒂斯,菲利普·G·爱泼斯坦,他们在卡萨布兰卡和命运有个约会,二战期间，卡萨布兰卡是欧洲逃往美国的必经之地，那里鱼龙混杂，局势紧张。里克（亨佛莱•鲍嘉 Humphrey Bogart 饰）是一个神秘的商人，他在卡萨布兰卡开了一家人气很旺的夜总会，并拥有两张宝贵的通行证。一天，反纳粹人士维克多和妻子伊尔莎（英格丽•褒曼 Ingrid Bergman 饰）来到夜总会，原来他们正在逃避纳粹的追捕。碰巧的是，里克发现，伊尔莎竟然是他的旧日情人。那段爱曾经刻骨铭心，却因为一个误会而终止。而当误会消解时，伊尔莎和里克的感情还是不可避免的重燃了。里克手上的两张通行证能帮助维克多度过难关，但这样一来，伊尔莎是决定留下，还是离去，他们的爱情在政治和伦理的推波逐流中走向何方。
我的英雄学院：英雄崛起,2019,2019-12-20,"动画,动作,奇幻,冒险",104,81,日语,Kohei Horikoshi,长崎健司,简介,新剧场版由原著作者堀越耕平担任总监修/角色原案，将展开原创故事。堀越耕平表示该剧场版在某种意义上是原作的最终回。
迷魂记,1958,2019-04-13,"悬疑,爱情,惊悚",128,81,英语,阿尔弗雷德·希区柯克,布瓦洛-纳尔瑟雅克,阿尔弗雷德·希区柯克将你卷入恐怖与紧张的漩涡之中！,这部惊悚悬疑片编织出一张令人晕眩的错位身份、激情与谋杀的巨网：患有恐高症的侦探从海湾救起一位神秘金发女郎后，陷入层层迷局。
雨中曲,1952,1981-05-15,"喜剧,爱情",103,81,英语,阿多夫·格林,贝蒂·康登,多么美妙的感觉！,1927年，由唐·洛克伍德（吉恩·凯利 饰）和丽娜·雷蒙德（简·哈根 饰）主演的《皇家流氓》在好莱坞首映。由于丽娜刺耳的嗓音无法匹配其夺目的外貌，为了维护明星形象，宣传部只得安排唐一人讲话。首映后，由于钢琴师科斯莫·布朗（唐纳德·奥康纳 饰）的汽车爆胎，为了躲避疯狂的影迷，唐意外结识了能歌善舞的凯西·塞尔登（黛比·雷诺斯 饰），并被其深深吸引。数周后，首部有声电影《爵士歌手》爆红，唐与丽娜的新片《决斗骑士》不得不临时改变拍摄方式，而凯西也成为歌舞片演员。因预映口碑极差，科斯莫提议将《决斗骑士》改为歌舞片，由凯西为丽娜配音，凯西积极附议。与凯西吻别后，唐心花怒放，在雨中载歌载舞。科斯莫的计划能否奏效？幕后的凯西能否走到台前接受观众的掌声？
沙丘2,2024,2024-03-08,"科幻,冒险",166,81,英语,丹尼斯·维伦纽瓦,弗兰克·赫伯特,战士万岁。,《沙丘2》承接第一部剧情，讲述保罗·厄崔迪（提莫西·查拉梅 Timothée Chalamet 饰）被帕迪沙皇帝和哈克南人联手灭族后，在厄拉科斯星球遇到弗雷曼女战士契妮（赞达亚 Zendaya 饰）以及加入弗雷曼人后展开的传奇旅程。保罗与让他家破人亡的阴谋家们开战，同时面临着一生所爱与已知宇宙命运的两难选择。
出租车司机,1976,2014-06-20,"犯罪,剧情",113,81,英语,马丁·斯科塞斯,保罗·施拉德,“你在跟我说话吗？”,这部马丁·斯科塞斯1976年的杰作，讲述了一位精神濒临崩溃的纽约出租车司机，为解救一名未成年妓女而走上暴力之路的过于真实的故事。
小丑,2019,2019-10-04,"犯罪,惊悚,剧情",122,81,英语,托德·菲利普斯,比尔·芬格,摆出一张笑脸吧,亚瑟·弗兰克是一个依靠扮演小丑赚取营生的普通人，患有精神疾病的他和母亲一同住在哥谭市的一座公寓里，幻想成为脱口秀演员的亚瑟为了这个目标而努力的生活着，但是现实却屡次击败他的梦想，亚瑟渐渐地变得越来越癫狂，某天在地铁上，亚瑟为了自保杀害了几名嘲笑他的人，同时，一个疯狂的想法在亚瑟心灵萌发……  在看似和平的哥谭市，即将发生翻天覆地的巨变。
假面,1966,2026-04-19,剧情,85,81,瑞典语,英格玛·伯格曼,,英格玛·伯格曼最具个人特色与独创性的电影作品。,步入六十年代中期，英格玛·伯格曼早已在银幕上凝结了诸多影史难忘的画面。但凭借这部突破之作，他将视觉诗意推向了全新境界。丽芙·乌曼献出其为伯格曼演绎的首个传奇角色，饰演一位莫名失语的舞台演员；同样令人着迷的比比·安德松则是聒噪的年轻护士，在偏远海岛小屋中照料她。两人在孤寂相处中，经历了一场神秘的精神与情感置换。凭借惊人的表演层次感，以及斯文·尼克维斯特用强烈对比与柔光打造的摄影，这部极具影响力的影片成为一部洞察深刻、如梦似幻的心理学深度之作。
Palmer,2021,2021-01-28,剧情,110,81,-,费舍尔·史蒂文斯,Cheryl Guerriero,Family is who you make it.,在坐牢12年后，前高中橄榄球明星埃迪·帕尔默回到了家乡，开始全新的生活。他和来自一个麻烦家庭的弃儿山姆建立了一种意想不到的联系，但埃迪的过去威胁到他的新生活和家庭。
地球公民,2005,2005-09-24,纪录,95,81,英语,Shaun Monson,,《地球公民》是由Shaun Monson自编自导的记录片，杰昆·菲尼克斯、Maggie Q等参与演出。该片从宠物，食物，衣物，娱乐，科学五个部分系统全面地揭露了当今人类是如何大规模地屠杀和虐待动物的故事。,本片从包括肉食、鱼、蛋类和奶制品等的畜牧业，包括皮革和皮草等的服装，包括马戏团、体育、动物园等的娱乐动物，伴侣动物，试验动物等全面地揭露了当今人类是如何大规模地屠杀和虐待动物。影片让观众看到，我们这个星球已经成为了一个巨大的屠宰场，人类已经堕落到何等残忍和无知的境地而不自觉。对于动物来说，地球如同地狱。
中央车站,1998,1998-04-03,剧情,110,81,葡萄牙语,沃尔特·塞勒斯,马科斯·伯恩斯坦,在希望与孤独之间，两条生命交汇，重塑自我,里约热内卢的中央车站，朵拉在这里帮人写信。但她会把看不顺眼的信统统撕掉不寄，甚至公开读信里的内容取乐。朵拉生活拮据，年纪不小却还未嫁，或许在她内心，人与人之间的真情根本就不值得信赖。 小男孩约书亚的出现令她开始了一段重新认识人生的旅程——约书亚很想见到远方素未谋面的父亲，不断写信给他。男孩母亲意外的车祸让朵拉决定陪伴约书亚前往东北部寻找父亲。在约书亚眼中，即使父亲很陌生，却总是骄傲地谈起父亲。而朵拉，也同样有着一段和父亲的痛苦往事。在约书亚寻父的过程中，朵拉因为往事而冰冻的内心慢慢回暖。
姥姥的外孙,2024,2024-08-17,剧情,127,81,泰语,帕特·波尼蒂帕特,汤萨蓬·逖提拿坎,真金“唤”真情。,出身泰国华人家庭的无业年轻人阿安（马群耀 饰）看到堂妹因照顾病重的爷爷而继承房产后，也对身患绝症的姥姥（乌萨·萨梅坎姆 饰）动了心思，计划复刻堂妹的“致富之路”获取百万遗产。但面对同样“努力”的舅舅们和挑剔毒舌的姥姥，阿安这条争当全职孝孙的“啃姥致富”之路似乎没有他预想的那么顺利……
奇爱博士,1964,2024-04-18,"喜剧,战争",95,81,英语,斯坦利·库布里克,彼得·乔治,这部热线悬疑喜剧。,斯坦利·库布里克对冷战焦虑的痛苦式幽默诠释，是好莱坞有史以来对人类愚行最尖锐的讽刺之一。千面戏骨彼得·塞勒斯一人分饰三个截然不同的角色：皇家空军上校莱昂内尔·曼德雷克——怯懦地试图阻止一位精神失常的美军将军下令对苏联发动核袭击；优柔寡断且始终惊愕的美国总统默金·马夫利，不得不将噩耗告知苏联总理；以及片名所指的奇爱博士本人，那位身坐轮椅、有着纳粹过往的总统顾问。在几乎所有难以想象的场景中发掘出荒诞笑料，本片是一部颠覆性杰作，正式宣告库布里克成为无与伦比的风格大师与漆黑讽刺家。[标准收藏]
机器人总动员,2008,2026-04-16,"动画,家庭,科幻",98,81,英语,安德鲁·斯坦顿,吉姆·里尔登,一个超越“平凡”的冒险,公元 2700 年，人类文明高度发展，却因污染和生活垃圾大量增加使得地球不再适于人类居住。地球人被迫乘坐飞船离开故乡，进行一次漫长无边的宇宙之旅。临行前他们委托 Buynlarge 的公司对地球垃圾进行清理，该公司开发了名为 WALL·E（地球废品分装员的缩写）的机器人担当此重任。 这些机器人按照程序日复一日、年复一年辛勤工作，但随着时间的流逝和恶劣环境的侵蚀，WALL·E 们接连损坏、停止运动。最后只有一个仍在进行这项似乎永无止境的工作。经历了漫长的岁月，它开始拥有了自己的意识。它喜欢将收集来的宝贝小心翼翼藏起，喜欢收工后看看几百年前的歌舞片，此外还有一只蟑螂朋友作伴。直到有一天，一艘来自宇宙的飞船打破了它一成不变的生活…
全金属外壳,1987,1987-06-26,"剧情,战争",117,81,英语,斯坦利·库布里克,古斯塔夫·哈斯福德,在越南，风不是吹来的，而是吸来的。,"越战期间，加入海军陆战队的一群年轻人被剃了光头，并分配寝位，负责训练他们的上校时常羞辱他们，还给他们取难听的外号，“傻瓜比尔""由于是胖子，动作老是出错，因此成为最经常被上校修理的人。班长“小丑""耐心照顾他。但傻瓜比尔再次的失误，令上校愤怒地惩罚全队，伙伴们终于忍无可忍，将傻瓜比尔痛揍了一顿。之后，傻瓜比尔开始对枪自言自语，他发挥了射击的才华，连上校也赞赏他终于可以成为伟大的“杀人机器""，就在出发前往越战战场的那晚，傻瓜比尔在他的 M14装满“全金属外壳子弹""，一枪打死上校，然后自己也含枪自杀。 　　选择编入新闻组的小丑，被长官派去前线采访，小丑看见年轻的士兵们已经麻木，在越共尸体旁饮酒、一面笑一面在直升机上扫射逃走的村民。他随众巡视，误入未扫荡的地区，大家遭到狙击手埋伏，牺牲了好几位同伴后，他们终于确定狙击手藏身的建筑物，小丑落单时忽然发现狙击手，对方原来是个非常年轻的少女！随他而来的摄影员开枪救了他，少女在地上痛苦的挣扎，一名士兵要大家离开，任那少女在此地腐朽。在少女的“杀了我""的哀求中，小丑终于拿起，扣下扳机……"
奇迹梦之队,2026,2026-03-14,"动画,喜剧,家庭",100,81,英语,泰瑞·迪利,泰迪·赖利,梦想从不因渺小而受限。,主角威尔是只梦想成为职业球手的小山羊，面对向来由猛兽主宰的凶险赛场，队友对他嗤之以鼻，他能否打破偏见，用实力证明小个子也能称霸球场？
我的朋友们,1975,1975-10-24,喜剧,140,81,意大利语,皮耶罗·德·贝尔纳迪,Pietro Germi,"They played together, they drank together, they whorekistand together and when the semiwattle was in crispation, they had a boobchik of a time!",内基（酒吧老板）、佩罗齐（记者）、梅兰德里（建筑师）和马斯切蒂（一个破碎的贵族）住在佛罗伦萨。他们从最年轻的时候就成了朋友，每一个空闲的时候，他们都会一起组织复杂而可怕的笑话，或者只是在托斯卡纳游荡。其中一次疯狂的旅行最终会在像萨萨洛里教授这样的军方管理的医院里结束。梅兰德里爱上了他的妻子，从丈夫那里抢走了她，这让萨萨洛里自己很高兴。这段关系不会持续下去，但教授成了朋友团队中的第五个成员，笑话变得更加复杂和有力……
焦土之城,2010,2010-09-17,"剧情,战争,悬疑",130,81,法语,丹尼斯·维伦纽瓦,瓦莱丽·博格朗-相宾,搜寻由母亲的意愿而展开。,双胞胎姐弟珍妮（梅丽莎·德索蒙斯-波林 Mélissa Désormeaux-Poulin 饰）跟西蒙（马克西姆·高德特 Maxim Gaudette 饰）收到过世的母亲娜瓦尔（卢布娜·阿扎宝 Lubna Azabal 饰）的遗嘱，可当宣读完内容之后，两姐弟却一时难以接受这样的遗嘱：一份是写给他们从未蒙面的父亲；一份是写给她的第三个孩子——他们更是不知道这个哥哥的存在。影片巧妙的游走在两个不同的时空：母亲终其一生苦苦寻觅自己的长子；姐弟遵循母亲的遗嘱前往中东寻找他们的父亲与兄长。可越是穷其究竟，他们面对的越是理不清的头绪跟令人震惊的真相。本片改编自加拿大著名法语作家瓦基迪·穆阿瓦德的同名剧作。导演丹尼斯·维伦纽瓦荣获第83届奥斯卡金像奖最佳外语片提名。
落水狗,1992,1992-10-23,"犯罪,惊悚",99,81,英语,昆汀·塔伦蒂诺,,凡人皆有得意时。,昆汀·塔伦蒂诺的邪典经典处女作，讲述了一桩珠宝劫案出了差错的故事。
地球之盐,2014,2014-09-27,纪录,110,81,法语,朱利安诺·里贝罗·萨尔加多,维姆·文德斯,萨尔加多的凝视,在过去的四十年里，摄影师塞巴斯蒂昂·萨尔加多游历各大洲，追随变迁中的人类足迹。他见证了近代历史上一些重大事件：国际冲突、饥荒与逃亡。如今，他正投身于一个宏大的摄影项目，探索原始地域、野生动植物以及壮丽景观，以此致敬地球之美。
永远的车神,2010,2011-06-02,纪录,106,81,英语,阿西夫·卡帕迪亚,Manish Pandey,No fear. No limits. No equal.,影片讲述了巴西传奇车手埃尔顿·赛纳传奇的一生。一级方程式车手赛纳在其职业生涯中参加了161场大奖赛、41次冠军、65次排头位、三次一级方程式大奖赛年度总冠军，以其勇敢、智慧，奔驰在赛场上10年，创造出了不平凡的成绩，成为当代世界最优秀的赛车手，被誉为“赛车王子”……不幸的是， 1994年5月1日在圣马力诺的伊莫拉赛道上撞车身亡，年仅34岁。
少年的你,2019,2019-10-25,"剧情,犯罪,爱情",138,81,-,曾国祥,玖月晞,你保护世界，我保护你,一场高考前夕的校园意外，改变了两个少年的命运。陈念 性格内向，是学校里的优等生，努力复习、考上好大学是高三的她唯一的念头。同班同学的意外坠楼牵扯出一连串不为人知的故事，陈念也被一点点卷入其中…在她最孤独的时刻，一个叫小北 的少年闯入了她的世界…大多数人的18岁都是明媚、快乐的，而他们却在18岁这个夏天提前尝到了成人世界的漠然。一场秘而不宣的“战斗”正在上演，他们将一起守护少年的尊严  。
囚徒,2013,2013-09-20,"剧情,惊悚,犯罪",153,81,英语,丹尼斯·维伦纽瓦,亚伦·格兹考斯基,每一刻都至关重要。,为了自己孩子的性命你会做到哪一步？凯勒.多佛 面对的是每个父母最恐惧的恶梦。他六岁的女儿安娜和小玩伴祖儿一起失踪了。唯一的线索是早前停在他家附近的一辆休闲车。在调查中，警探洛基 逮捕了这辆车的车主亚历克斯.琼斯，但因为缺乏证据而不得不放了他。 想到自己的孩子身处险境，急疯了的多佛决定靠自己。这位绝望的父亲决定不顾一切找到失踪的小女生们，但在找寻女儿的过程中，他渐渐迷失了自己，从而引出一个问题：寻求正义是不是可以超越法治？
咒术回战0,2021,2025-04-03,"动画,动作,奇幻",104,81,日语,朴性厚,濑古浩司,爱是一种扭曲的诅咒。,乙骨忧太是一个高中生，他正面临着一个严重的问题，青梅竹马理香变成了一个咒灵，不会让他一个人呆着。由于理香不是普通的咒灵，他的困境被咒术高专的老师五条悟注意到了。五条说服忧太入学，但他赶得及吗？
真人快打传奇：蝎子的复仇,2020,2020-04-12,"动画,动作,奇幻",80,81,英语,Ethan Spaulding,Jeremy Adams,Extreme violence. Bad language. And a bloody good time.,聚焦了异世界和地球之间的千载难逢的比赛，这场比赛将最终决定地球和人类所有的公民的命运。地球保护者雷电必须聚集其领域最伟大的战士，以从邪恶的尚宗手上保卫地球，从而结束所有战斗。
奇迹男孩,2017,2018-01-19,"家庭,剧情",113,81,英语,斯蒂芬·乔博斯基,R.J. Palacio,Who gives you the courage to face the world?,10 岁的奥古斯特天生脸部畸形，此前一直在家中和妈妈自学。这是他第一天上公共学校，他不寻常的外表让他成为同学讨论的焦点。终日受到嘲笑和排斥的奥古斯特尽自己最大的努力在这残忍的环境中生存，就连好不容易交到的新朋友也似乎不太值得信任。当班上的恶霸 Julian 将他锁定为霸凌目标后，奥古斯特萌生了退学的念头。但就在此时，一个善良又美丽的女同学与他交好，帮助他走出困难。前路漫漫，奥古斯特必须向周遭的人证明，与他善良、聪敏、勇敢的心灵相比，外表一点也不重要。
阿尔多、吉欧瓦尼与吉奥科默喜剧集,1996,1996-03-29,喜剧,130,81,意大利语,Arturo Brachetti,,简介,由喜剧演员阿尔多、吉奥瓦尼和吉奥科默三人组领衔的首场舞台剧，玛丽娜·马西罗尼也参与其中。
杀死比尔：血色全传,2011,2026-08-07,"动作,犯罪",254,81,英语,昆汀·塔伦蒂诺,乌玛·瑟曼,昆汀·塔伦蒂诺执导的第四部电影作品。未经删减，未分级，完整呈现。,昆汀·塔伦蒂诺的本片将第一卷与第二卷合二为一，呈现出一部未分级的完整史诗——完全以导演原本意图呈现，并包含一段前所未见的新动画片段。乌玛·瑟曼饰演“新娘”，她在婚礼排练时遭前老板兼情人比尔伏击，头部中枪，未出生的孩子被夺走，人被弃之不顾。为复仇，她必须先猎杀“致命毒蛇暗杀小队”剩余的四名成员，最后再与比尔本人对决。
燃烧女子的肖像,2019,2019-09-18,"剧情,爱情",120,81,法语,瑟琳·席安玛,,不要后悔。记住。,在十八世纪奢华浪漫的背景下，画家与她的模特之间，激情悄然酝酿，直至两人共同营造一个能容其短暂盛放的天地。本片出自当代法国影坛最受瞩目的作者导演之一——瑟琳·席安玛之手。玛丽安受秘密委派，来到一座与世隔绝的海边庄园，她必须通过暗中观察，为抗拒包办婚姻的埃洛伊兹画成一幅婚礼肖像。在精妙的张力中展开的，是一场持久目光的交汇。两位女性逐渐以醉人的亲密，熟知了彼此的举止、表情与身体，最终缔结了一段颠覆性的创作同盟，以及一场炽热的爱恋。怀抱着一种几乎超越时空的渴望，本片深掘了在一个没有男性的世界里，当女性可以自由共同生活、彼此凝视时，所迸发的情感与艺术可能。
两杆大烟枪,1998,1998-08-28,"喜剧,犯罪",105,81,英语,盖·里奇,,到处都是罪犯的耻辱。,艾迪（尼克·莫伦）思维敏捷，是个玩牌高手。在三个好友的支持下，艾迪携巨资参加了黑社会的高额赌局，不想落入圈套，欠下50万的赌债。为了还清赌债，艾迪和朋友们绞尽脑汁，最终算计到一群毒贩身上，并为打劫购买了两杆老式烟枪。不想这群不安分的毒贩，正惦念着他们毒品供应商的钱，并在同一天实施了打劫。在毒贩们费劲周折，把毒品供应商熨的整整齐齐的钱款拿到手后，艾迪他们幸运的坐享其成。可是他们不知道，这看似简单的抢劫案背后，更有厉害的角色参与其中。他们手里的两杆破烟枪也隐藏着不少故事。在无知与莽撞中置身漩涡的他们能侥幸脱身么？笑料迭出的偶发事件里，穿插着小人物与大人物的辛酸幽默。
辉夜姬物语,2013,2014-06-02,"动画,剧情,奇幻",137,81,日语,高畑勋,坂口理子,公主的罪与罚,一位老竹匠与妻子在发光的竹茎中发现微小女婴，她迅速长成秀丽的少女。这位神秘的年轻公主令所有遇见她的人着迷——但最终必须直面其命运，承担罪责的惩罚。[Gkids]
狩猎,2012,2012-09-24,剧情,115,81,丹麦语,托马斯·温特伯格,托比亚斯·林德霍尔姆,谎言正在传播。,刚刚和妻子离婚的卢卡斯目前在一家托儿所工作，心地善良个性温和的他很快就受到了同事和孩子们的喜爱，其中，一个名叫卡拉的早熟女孩对卢卡斯尤为的亲近。面对女孩幼稚 而单纯的示好，卢卡斯只能婉转的拒绝，可令他没有想到的是，这一举动将他的生活推向了风口浪尖。
困在时间里的父亲,2020,2021-06-18,剧情,97,81,英语,弗洛里安·泽勒,克里斯托弗·汉普顿,简介,安东尼现年八十岁，性情淘气，倔强地独自生活，屡屡拒绝女儿安妮苦心为他安排的各种看护。然而安妮也逐渐力不从心——她无法再每日探望，而父亲对现实的感知正逐渐瓦解。随着记忆的潮汐涨落，安东尼还能抓住多少关于自我与过去的痕迹？当父亲依然在眼前呼吸存活，安妮又该如何面对这份正在逝去的亲情？
心灵奇旅,2020,2020-12-25,"动画,家庭,剧情,音乐,奇幻",101,81,英语,皮特·多克特,肯普·鲍尔斯,如果有个地方能改变命运，你是否愿意一键重启人生？,乔·加德纳是一位中学乐队老师，他获得了毕生难逢的机会——在纽约最好的爵士俱乐部演奏。但一次小小的失误将他从纽约街头带到了一个奇幻之境“生之来处”。这是一个新生灵魂在前往地球之前获得个性、怪癖和兴趣的地方。决心重返自己生活的乔，与一个名叫22的早熟灵魂结成了伙伴。22始终无法理解人类生活的吸引力。当乔拼命试图向22展示生命的精彩之处时，他或许也将发现一些关于生命最重要问题的答案。
暖暖内含光,2004,2024-04-18,"科幻,剧情,爱情",108,81,英语,米歇尔·贡德里,查尔斯·考夫曼,我已经忘了过去对你的感觉,内向沉稳的约尔•巴瑞斯（金•凯瑞 饰）在一次聚会中认识了率真随性的克莱门汀•克罗斯基（凯特•温丝莱特 饰），二人成为情侣。和普通的情侣一样，他们的日子也在甜蜜和争吵中度过。2004年情人节前夕，当约尔精心准备好礼物，为不久前一次争吵找到克莱门汀道歉时，他惊讶地发现，克莱门汀根本都不记得他了。原来冲动的克莱门汀受不了二人交往中争吵的痛苦，到“忘情诊所”，把关于约尔的记忆删除得一干二净。
圣母街上的大人物,1958,1958-07-26,"喜剧,犯罪",106,81,意大利语,马里奥·莫尼切利,艾根诺尔·因克鲁西,The Story of a Perfect Crime ... Perfectly Hilarious!,这是《男人的争斗》（Rififi）的搞笑版。两个小偷带领一群小混混进行一个宏伟的偷盗计划。他们打算从一处公寓挖一个地道，进入附近一家商店，结果地道挖进了公寓的另一个房间，这只是一个小差错。反正这群笨贼该犯的错全犯了，而那个要偷的保险箱似乎唾手可得，但他们就是没本事得手。
潜行者,1979,1979-05-25,"科幻,剧情",163,81,俄语,安德烈·塔可夫斯基,阿尔卡季·斯特鲁加茨基,没必要说话。你必须......集中精神，回忆你所有的前世。当一个人想起过去时，他会变得更善良。,安德烈·塔可夫斯基在苏联时期的最后一部作品，是一次穿越神秘后末日景观的形而上学旅程，亦是一场独一无二的精妙观影体验。受雇的向导——“潜行者”——带领一位作家和一位教授深入“区”的核心地带，这个长期封闭的灾难禁区中，三人最终逼近了传说中的“房间”：一个据称能实现人内心深处最隐秘愿望的地方。改编自阿尔卡季与鲍里斯·斯特鲁加茨基兄弟的科幻小说，塔可夫斯基以丰富的物质细节和有机的氛围感，构建出一个沉浸式的世界。作为一则宗教寓言、对当时政治焦虑的反思，亦或是对电影本身的冥想——本片通过展开多重可能的意涵，将观众全然包围。[标准收藏]
花样年华,2000,2025-02-14,"剧情,爱情",99,81,Cantonese,王家卫,刘以鬯,感受这份炽热，让激情持续燃烧，任感官尽情迸发。,一九六二年的香港：周慕云与苏丽珍在同一天搬进相邻的公寓。他们的相遇起初保持着得体与疏离——直到发现各自配偶的秘密，一种亲密的情愫悄然滋生。王家卫的本片既含蓄典雅又视觉绚烂，精湛地勾勒出浪漫渴望与易逝的瞬间。在悸动的配乐、以及杜可风与李屏宾极致抽象的摄影美学中，这部电影成为过去二十年影坛的重要风格标杆，亦是王家卫璀璨生涯的一座里程碑。[标准收藏]
扎克·施奈德版正义联盟,2021,2021-05-03,"动作,冒险,奇幻",242,81,英语,扎克·施奈德,克里斯·特里奥,正义再次集结,为了确保超人没有白白牺牲，蝙蝠侠和神奇女侠计划招募一支超人类团队来保护世界。这项任务比布鲁斯的设想要困难得多，因为每个新人都必须面对并跨越自己过去的心魔，团结起来，最终形成前所未有的联盟，否则就无法阻止从荒原狼、狄萨德和达克赛德毁灭地球。
奇迹少女 纽约篇,2020,2020-09-26,"动画,家庭,动作,冒险,电视电影",61,81,法语,托马斯·阿斯特鲁克,Sébastien Thibaudeau,New city. Same duty.,马丽娜是住在现代法国的巴黎少女，因为一次善举获得神秘老人的认可，得到了能变身为超级英雄奇迹少女的力量。同样获得变身能力的还有马丽娜的同班同学艾俊，他是知名设计师之子，因家庭过度保护长期在家自学，第一天上学却阴错阳差使马丽娜误会其恶作剧。双方在不知道对方真实身份的情况下，以奇迹少女及黑猫罗尔之名义拯救被黑化的巴黎市民，而艾俊对马丽娜澄清恶作剧一事后，艾俊温文的风度使得马丽娜开始想和他交朋友，一见艾俊便手足无措，但是艾俊却崇拜上智勇双全的奇迹少女，以黑猫黑尔的身份几度示爱，都被心有所属的马丽娜拒绝。两人面临的挑战除了爱情问题，还有在巴黎制造混乱的邪恶反派。
请以你的名字呼唤我,2017,2017-11-24,"爱情,剧情",132,81,英语,卢卡·瓜达尼诺,André Aciman,请以你的名字呼唤我 我亦将如此,在八十年代的意大利里维埃拉，每年夏天，十七岁的少年埃利奥都会跟家人在这里。今年，和他们共享假日时光的，还有来自美国的奥利弗，高大英俊热情开朗的奥利弗很快就获得了埃利奥一家人的喜爱。随着时间的推移，埃利奥和奥利弗之间渐渐产生了致命的吸引力，但性别和年龄的桎梏让他们迟迟无法跨出那关键的一步，与此同时，单纯善良的少女马奇娅也向埃利奥奉献着自己的感情和身体。最终，汹涌的激情冲破了埃利奥和奥利弗之间的防线，两人开始了一段注定不会有结果的恋情。
八部半,1963,1963-02-14,剧情,138,81,意大利语,费德里科·费里尼,恩尼奥·弗拉亚诺,一幅超越人类思维边界的画作——因为从未有人以如此独特的方式思考过它！,"马斯楚安尼饰演的导演圭多·安塞尔米，其新片计划与个人生活同时陷入崩解之境。费德里科·费里尼的《八部半》将个体艺术危机转化为宏伟的电影史诗，堪称影史最杰出的""关于电影的电影""之一。影片早期暂定名《美丽的混乱》，恰如其分地概括了这部杰作的特质：它是一场流光溢彩的梦境、一次马戏狂欢、一出视觉魔术。"
紫罗兰永恒花园外传：永远与自动手记人偶,2019,2020-01-10,"剧情,奇幻,动画",90,81,日语,藤田春香,晓佳奈,我生活一片荒芜，唯一的珍宝，或许只有...,作为“战争机器”长大的女主人公薇尔莉特·伊芙加登，在战争中失去双臂，并与收养她的少佐分离，在装上义肢后，成为邮政公司一名从事代写书信工作的 “自动手记人偶”。在车马缓慢、只能以信件传递感情的年代里，“自动手记人偶”通过与委托人接触交流，代写书信，以优美准确的文字传递着人们最为真挚的感情。外传的故事中，薇尔莉特·伊芙加登接到了一桩特殊的委托工作……
双重赔偿,1944,2026-06-13,"犯罪,惊悚",107,81,英语,比利·怀尔德,詹姆斯·马勒汉·凯恩,这是一见钟情，也是一场致命的邂逅！,可曾有过如此犀利的台词对白？可曾有过芭芭拉·斯坦威克这般摄人心魄的蛇蝎美人？可曾见过1940年代洛杉矶如此魅惑而腐朽的容颜？导演比利·怀尔德与编剧雷蒙德·钱德勒携手，将詹姆斯·M·凯恩的通俗小说化作黑色电影宿命论的终极典范，凭此跻身好莱坞顶级导演之列。当油滑的保险销售员沃尔特·内夫踏进家庭主妇菲利斯·迪特里希森奢华的宅邸，本意推销保险的他，却卷入了远比保单危险的致命阴谋。爱德华·G·罗宾逊抢尽风头的配角演出，加上摄影师约翰·F·塞茨精心雕琢的光影构图，共同造就这部影史最令人酣畅淋漓的黑色经典，树立了后世所有黑色电影难以逾越的标尺。[标准收藏]
怒火青春,1995,1995-05-31,剧情,98,81,法语,马蒂厄·卡索维茨,,你跌倒多远并不重要，重要的是你如何落地……,影片以1993年在巴黎18区发生的一起警察暴力的真实事件为背景：一名警察在巡逻期间枪杀了一名17岁的扎伊尔少年Makomé M'Bowolé。而在影片当中，巴黎街头，一群反政府青年。纠纷由其中一人被警察殴打重伤而起，众人怀恨在心。文兹（文森特·卡塞尔 Vincent Cassel饰）弄到一把真枪，决心还以颜色。他们的仇恨与愤怒随处可见，这场与警察之间的大规模冲突，一触即发。混战中，文兹被警察开枪打死，他的同党也颤抖着对准了警察的头，枪声响起……无论是警察还是街头混混，每个人都失去了控制。这青春期里的不安与躁动，就像失控的怒火一般，无人幸免。 导演马修·卡索维茨荣获第48届戛纳电影节(1995)主竞赛单元最佳导演奖。
从海底出击,1981,1981-09-17,"剧情,历史,战争",200,81,德语,沃尔夫冈·彼得森,洛塔尔·G·布赫海姆,在陆地上，他们梦想成为英雄。在海底，他们祈祷成为幸存者。,1942年，德国潜艇舰队深陷所谓的“大西洋战役”，旨在袭扰并摧毁英国航运。然而，随着驱逐舰级护航力量的加强，德国U型潜艇开始遭受重创。本片讲述了一艘U型潜艇船员的故事，聚焦这些潜艇兵如何保持军人职业素养，执行近乎不可能的任务，同时始终试图理解并服从他们所效忠的政府意识形态。
哈利·波特与死亡圣器（下）,2011,2011-08-04,"冒险,奇幻",130,81,英语,大卫·叶茨,J·K·罗琳,一切终将结束,在这部史诗终章的第二部分，魔法世界正邪双方的对决升级为全面战争。危机已达空前高度，无人能保证安全。然而，当哈利·波特逐步逼近与伏地魔的终极对决时，他可能被迫作出最后的牺牲。一切在此终结。[华纳兄弟影业]
大都会,1927,2011-06-18,"剧情,科幻",153,81,德语,弗里茨·朗,特娅·冯·哈堡,只有通过心灵的桥梁，双手与头脑之间才能达成真正的理解。,这部1927年的鸿篇巨制或许堪称默片时代的巅峰成就，弗里茨·朗将二十年代通俗小说狂热的叙事节奏，与自身对人性幽暗面的深刻洞察熔铸一体。
家门之外,2021,2021-11-24,"动画,家庭",7,81,英语,Natalie Nourigat,,简介,做家长很难，尤其是一只年幼浣熊有好奇心时，他的家长努力确保大家的安全。在华特迪士尼动画制作室的短片《家门之外》中，这只年轻的浣熊学会以开放的心态生活，即使潜伏着危险。
你给的仇恨,2018,2018-10-19,"犯罪,剧情",132,81,英语,小乔治·蒂尔曼,Angie Thomas,Two worlds. One voice. No going back.,斯塔尔·卡特不停地在两个世界之间切换：她所居住的贫穷、以黑人为主的社区，与她所就读的富裕、以白人为主的预科学校。这两个世界之间脆弱的平衡，在她亲眼目睹童年挚友卡里尔被一名警察开枪射杀后彻底崩塌。如今，面对来自社区各方的压力，她必须找到自己的声音，为正义挺身而出。[20世纪福克斯]
大战争,1959,1959-10-28,"喜剧,战争,剧情",137,81,意大利语,马里奥·莫尼切利,艾根诺尔·因克鲁西,The great battle spectacle of our time!,两个意大利士兵被卷入第一次世界大战，他们很想逃脱战争的阴霾，想了很多办法，但是现实无情，总是把他们推到荒唐而危险的境况中。在一次次偷懒成功后，他们却目睹着一次次战友们血肉模糊的战场惨状。终于一个亡故战友的妻子令两人的思想有了变化，在一次对敌行动被俘后两人被处死，但他们的长官却还以为他们照旧做了逃兵。
用心棒,1961,1961-04-25,"剧情,惊悚",110,81,-,黑泽明,菊岛隆三,杀一人或百人...终归只上一次绞架,无与伦比的三船敏郎在黑泽明这部视觉震撼、充满黑色幽默的影片中担纲主演。为扫清一座被恐怖笼罩的村庄里的腐败势力，足智多谋的浪人武士三十郎巧妙利用两个邪恶家族间的势力争斗，将局势导向对自己有利的方向。本片先后被塞尔吉奥·莱奥内与沃尔特·希尔翻拍，这部酣畅淋漓的类型颠覆之作，至今仍是影史上最具影响力且娱乐性极强的经典之一。[标准收藏公司]
看不见的客人,2017,2017-09-15,"剧情,悬疑,惊悚",107,81,西班牙语,奥里奥尔·保罗,,每件事都有两面性，而真相只有一个。,艾德里安（马里奥·卡萨斯 Mario Casas 饰）经营着一间科技公司，事业蒸蒸日上，家中有美丽贤惠的妻子和活泼可爱的女儿，事业家庭双丰收的他是旁人羡慕的对象。然而，野心勃勃的艾德里安并未珍惜眼前来之不易的生活，一直以来，他和一位名叫劳拉（芭芭拉·蓝妮 Bárbara Lennie 饰）的女摄影师保持着肉体关系。某日幽会过后，两人驱车离开别墅，却在路上发生了车祸，为了掩盖事件的真相，两人决定将在车祸中死去的青年丹尼尔联同他的车一起沉入湖底。之后，劳拉遇见了一位善良的老人，老人将劳拉坏掉的车拉回家中修理，然而，令劳拉没有想到的是，这位老人，竟然就是丹尼尔的父亲。
德州巴黎,1984,2024-07-28,剧情,147,81,英语,维姆·文德斯,基特·卡森,梦想启航之地。心碎疗愈之所。重拾碎片之处。,德国新电影先驱维姆·文德斯将他敏锐的风景观察力投向美国西南部，创作出这部由普利策奖获奖剧作家萨姆·谢泼德编剧、感人至深的角色研究。影片追踪沉默寡言的神秘流浪汉特拉维斯（演技精湛的哈利·迪恩·斯坦顿通 饰，他的面孔本身就是一片风景）试图与寄居洛杉矶弟弟家的幼子以及失踪的妻子重建联系。从这简单的设定出发，文德斯与谢泼德对男性气质的准则与美国家庭神话进行了有力的论述，同时也展开了一场对峡谷与霓虹构成的广阔而破碎世界的精致视觉探索。
热情如火,1959,2016-04-16,"喜剧,爱情,犯罪",120,81,英语,比利·怀尔德,I. A. L. 戴蒙德,这部电影简直火爆到无法用言语形容！,作为影史最受喜爱的电影之一，比利·怀尔德这部炙手可热的杰作为好莱坞喜剧树立了新标杆。芝加哥乐手乔与杰瑞（托尼·柯蒂斯与杰克·莱蒙贡献了里程碑式的表演）目睹一场黑帮屠杀后，男扮女装混入一支前往迈阿密的女子乐队仓皇逃逸。乐队主唱“蜜糖”凯恩（玛丽莲·梦露正值其致命魅力的巅峰）的魅力使他们陷入越来越夸张的谎言漩涡：乔伪装成百万富翁追求她，而杰瑞的女性身份竟与一位亿万富翁订下婚约。凭借怀尔德与I·A·L·戴蒙德精心打磨的犀利剧本，以及演员间精准碰撞的化学反应，本片至今仍保持着数十年前首次震撼观众时那种令人陶醉的诙谐与鲜活。
猫猫的奇幻漂流,2024,2025-02-28,"冒险,动画,家庭,奇幻",85,81,拉脱维亚语,金兹·兹巴洛迪斯,马蒂斯·卡扎,只要有猫在，就没什么好怕的！,这是一段关于友谊与生存的动人篇章，将独立动画的创作雄心与想象力推至令人惊叹的高度。这部荣获奥斯卡奖、风靡全球的作品，讲述了一只勇敢的猫在家园被大洪水摧毁后的故事。它与一只水豚、一只狐猴、一只小鸟和一只小狗结伴，共同驾驶小船寻找陆地。在这颗已然化为水世界的星球上，它们必须凭借信任、勇气与智慧渡过重重险境。凭借开源软件与小团队协作，富有远见的独立动画师金茨·齐尔巴洛迪斯营造了一场绝妙的感官之旅，深刻沉思了环境的脆弱与社群精神的真谛。
黑色五叶草：魔法帝之剑,2023,2023-06-16,"动画,奇幻,动作,冒险",113,81,日语,种村绫隆,Ai Orii,When the legend revives... The kingdom will fall.,这部电影将由原著漫画作者田畠裕基担任监制，讲述原作中并未透露的魔法帝的故事。在一个魔法主宰万物的世界里，生来就没有魔法的男孩亚斯塔立志成为“魔法帝”，以克服逆境，证明自己的力量，并遵守与朋友们的约定。
Love Hurts,2002,2002-11-08,"剧情,爱情",104,81,西班牙语,Fernando Sariñana,Carolina Rivera,Who says money isn't important?,Family and friends try to sabotage the budding romance between a young upper class girl and a humble student.
野草莓,1957,1957-12-26,剧情,91,81,瑞典语,英格玛·伯格曼,,简介,为接受荣誉学位踏上旅程的伊萨克·博格教授——由资深电影人兼演员维克多·斯约斯特洛姆精湛演绎——被迫直面过往，与自身缺陷和解，并坦然接受生命终将逝去的必然。通过回溯与幻想、梦境与梦魇的交织，本片戏剧化地呈现了一位老者非凡的自我发现之旅。这部充满标志性意象、富含人性关怀的杰作，是英格玛·伯格曼最受赞誉、最具影响力的电影之一。[标准收藏公司]
活着,1994,1994-09-30,"剧情,爱情,战争",132,81,-,余华,张艺谋,简介,富少福贵（葛优 饰）嗜赌成性，妻子家珍（巩俐 饰）屡劝无果后带着女儿凤霞离开了他。当夜，福贵输光所有家产气死父亲，被迫靠变卖母亲首饰租间破屋过活。一年后，家珍手拉凤霞怀抱刚出世的儿子有庆回到家中，福贵痛改前非，开始靠演皮影戏过起安份守己的日子。但好景不常，内战时期，福贵被国民党抓去当劳工，一番辗转终回到家乡与一家人团圆后，凤霞因病变成哑巴，而在后来的大跃进和文革中，他虽获某些小福，逆境却也一直与他如影相随。
彗星美人,1950,1950-11-09,剧情,138,81,英语,约瑟夫·L·曼凯维奇,,这一切都关乎女性……以及她们身边的男性！,在约瑟夫·L·曼凯维茨这部犀利机智与妙语连珠的好莱坞经典中，舞台后方才是真实戏剧上演之处。一夜，玛戈·钱宁在化妆间接待了一位不速之客——她最狂热的崇拜者，那位羞怯而天真的伊芙·哈灵顿。然而当伊芙逐渐渗透进玛戈的生活，这位百老汇传奇很快意识到，这位所谓的仰慕者正企图利用她与身边所有人——包括乔治·桑德斯饰演的毒舌评论家——作为自己迈向星途的垫脚石。凭借曼凯维茨如手术刀般锋利的对白与执导，以及戴维斯凭此片重振并定义其演艺生涯的难忘表演，这部荣获多项奥斯卡奖的影片，成为影史对演艺界残酷法则最精妙绝伦的无情剖析。
还有明天,2023,2025-03-08,"剧情,喜剧,历史",118,81,意大利语,保拉·科泰莱西,富里奥·安德烈奥蒂,The Italian phenomenon.,1946年二战后的意大利，女性地位依旧低下。底层女性迪莉娅（宝拉·柯特莱西 饰），每日在丈夫的暴虐下和生活琐碎中艰难生存，唯有女儿玛塞拉、朋友玛丽莎和每日难得的自由踱步是她痛苦生活中的慰藉……这时，迪莉娅意外收到一封神秘信件，一场出逃即将改变一切……
怪形,1982,1982-06-25,"恐怖,悬疑,科幻",109,81,英语,约翰·卡朋特,小约翰·W·坎贝尔,随时随地。任何人。,1982年冬天，挪威科考队的一架直升机突然打破了南极大陆的平静，直升机疯狂的追逐一只雪橇犬，最后坠毁在美国科考营地的附近。美国科考队员对挪威考察队近期人员骤减的情况有所耳闻，于是飞行员麦克（Kurt Russell 饰）与众人赶赴挪威营地，结果看到的是一地破败中四处散落着奇怪的尸体，并有证据表明挪威人得到了某种冰封状态中的生物。医生布莱尔（Wilford Brimley 饰）研究了尸体的变异却无法破解成因。当晚，犬笼中的狗遭到袭击并发生了变异，一种不可知的生物正在这孤寂的南极大陆威胁着科考队员们的生命……
新神榜：哪吒重生,2021,2021-02-06,"动画,奇幻,动作",116,81,-,赵霁,许仲琳,Rebirth of a hero,三千年前，天下动荡，人神共遇大劫，不想哪吒的一缕魂魄逃脱天罗地网，世世转世投胎，这一世与东海市酷爱机车的热血青年李云祥人神共生。然而龙族对哪吒恩怨并未善罢甘休，有着哪吒元神的李云祥，亦无法逃脱被龙族赶尽杀绝的宿命。东海危在旦夕，李云祥是否能够与哪吒元神并肩作战，成为抵抗龙族的英雄？东海市的子民能否得到拯救？
神秘博士：博士之时,2013,2013-12-25,"剧情,科幻,电视电影",60,81,英语,Jamie Payne,史蒂文·莫法特,A change is going to come...,宇宙中最邪恶的物种都被一条神秘的消息吸引来到一座宁静的星球小镇：圣诞。博士和他的朋友们必须要破解出这条信息，因为博士的命运与整个宇宙的命运都握在其中。
血色将至,2007,2008-06-14,剧情,158,81,英语,保罗·托马斯·安德森,厄普顿·辛克莱,21世纪最好的电影。,当丹尼尔·普莱恩维尤得知西部有个小镇正涌出石油如海的隐秘消息后，便带着儿子H.W.前往尘沙蔽日的小波士顿碰运气。在这片贫瘠土地上，唯一的喧腾围绕着魅力非凡的牧师以利·桑迪所主持的圣滚教教堂。普莱恩维尤父子虽幸运地挖出了油井，但随着财富喷涌，冲突亦日益加剧——爱、希望、信仰、野心、社区纽带，甚至父子亲情，所有人性价值都在腐败、欺骗与石油洪流的冲刷下面临崩解。
山椒大夫,1954,1954-03-31,剧情,124,81,-,沟口健二,八寻不二,没有怜悯之心，人便与野兽无异。,当一位理想主义的官员违抗了当权的封建领主，他便遭流放，其妻儿只能自谋生路，并最终被恶毒的奴隶贩子强行拆散。在沟口健二璀璨夺目的执导下，这个经典的日本故事成为了电影史上最伟大的杰作之一，它是一部纪念碑式的、充满同理心的史诗，深刻表达了人类在邪恶面前的坚韧精神。[标准收藏]
街角的商店,1940,1940-01-12,"喜剧,剧情,爱情",99,81,英语,恩斯特·刘别谦,萨姆森·拉斐尔森,每个曾守候“盲约”的女孩或小伙子。,一家礼品店的两名店员在工作中水火不容，却浑然不知彼此正是对方那位渐生情愫的匿名笔友。
龙猫,1988,2018-12-14,"奇幻,动画,家庭",86,81,日语,宫崎骏,,让我们去见龙猫吧,小月的母亲生病住院了，父亲带着她与四岁的妹妹小梅到乡间的居住。她们对那里的环境都感到十分新奇，也发现了很多有趣的事情。她们遇到了很多小精灵，她们来到属于她们的环境中，看到了她们世界中很多的奇怪事物，更与一只大大胖胖的龙猫成为了朋友。龙猫与小精灵们利用他们的神奇力量，为小月与妹妹带来了很多神奇的景观，令她们大开眼界。
杀人回忆,2003,2003-04-25,"犯罪,剧情,惊悚",131,81,朝鲜语,奉俊昊,沈成宝,他们中最坏的会永远留给你...,在其突破性的第二部作品中，奉俊昊以颠覆性的手法引爆了警察类型片的传统桎梏，带来了震撼且超越类型的成果。影片基于1980年代撼动韩国乡村社区的一连串真实连环杀人案改编，韩国电影标志性人物宋康昊饰演当地警官，他不得不与一位老练的首尔侦探联手调查此案——两人由此踏上一段长达数年、充满挫败与煎熬的艰苦历程，逐渐被推向存在的边缘。奉俊昊将扣人心弦的刑侦过程与军权统治下日常生活的荒诞社会图景生动结合，打造了一次深入黑暗的萦心之旅：它始于黑色喜剧的讽刺，终于与深渊那场灵魂破碎的遭遇。
轮回,2011,2012-08-22,纪录,102,81,英语,罗恩·弗里克,马克·马吉德森,轮回,《轮回》是一场跨越25个国家的视觉之旅，Ron Fricke花费了5年之间捕捉每种文化中令人震撼的场面，试图建立人类与自然的桥梁。影片的名字“Samsara”来自藏语，Frricke希望借此诠释其独特的视觉风格。全片使用70mm胶片拍摄，才得以保证影像如此细腻丰富的质感 。Samsara是藏语，又叫做依业轮回，是表示生命流转循环的意思。编剧罗恩·弗里克和Mark Magidson用精彩的画面诠释了这一个深奥的词汇。揭示了大自然与我们生活的微妙关系。本片是曾以《天地玄黄》带来无言震撼的导演Ron Fricke时隔20年之后再出的新作。
天佑鲍比,2009,2009-02-27,"剧情,历史,电视电影",89,81,英语,拉塞尔·穆卡希,凯蒂·福特,She loves everything about her son...except who he is.,本片根据真人真事改编。Bobby（瑞恩·凯利 Ryan Kelley 饰）是一个善良、虔诚的少年，有爱他的家人。但在他向家人坦白自己的性倾向后一切改变了。母亲Mary（西格妮·韦弗 Sigourney Weaver 饰）认为同性恋会下地狱的训诫，想尽办法矫正儿子。而Bobby的痛苦与日俱增。在满20岁生日前Bobby认识了开朗青年David，可Mary拒绝接受，并以有一个同性恋儿子为耻。Bobby伤心的离开家最后选择死亡来结束内心的折磨。他的死彻底唤醒了家人，尤其是Mary，她在无尽的悔恨中开始接触同性恋人群，参加PFLAG小组，与神职人员探讨圣经解释。在翻阅儿子的日记后，她开始直面自己认同儿子。失去儿子的母亲在倾盆大雨中失声痛哭，雨水和泪水将固执、偏见和不理解洗刷得一干二净。Mary此后将毕生投入到同志维权事业中，帮助那些和Bobby一样的少年。
精英部队,2007,2008-06-14,"剧情,动作,犯罪",115,81,葡萄牙语,何塞·帕迪里亚,安德烈·巴蒂斯塔,在里约的街上只有精英才能生存,时1997年，教皇即将来此视察，高层要求纳斯西蒙（Wagner Moura 饰）所率领的这支精英部队在最短时间内肃清贫民窟内的毒品链。厌倦刀光血影的纳斯西蒙将心思放在了妻子和尚未出世的婴儿身上，他将任务交给了两个热血且充满理想的年青人——内图（Caio Junqueira 饰）和马提阿斯（André Ramiro 饰）。他们俩都不满警察队伍的腐败，决心在精英部队中大展身手……
欣德·拉贾布之声,2025,2025-09-10,"剧情,历史",89,81,阿拉伯语,考瑟·本·哈尼亚,,电话里的声音是真实的。,讲述2024年1月29日5岁巴勒斯坦女孩欣德·拉贾布在以色列入侵加沙地带期间，于加沙地带被以色列国防军杀害的故事。
特殊的一天,1977,1977-08-11,"剧情,爱情",106,81,意大利语,埃托雷·斯科拉,鲁杰罗·马卡里,一部关于两个特别之人的特别影片。,特殊的一天是指1938年5月6日，这天希特勒与墨索里尼在罗马进行所谓的“高峰会议”，整个罗马城里的电台日夜都在鼓吹法西斯的威力和成就，罗马全体居民都放假一天来到广场集合听讲话。中年妇女安东尼泰是个本分的家庭妇女，这天她因照顾孩子操忙家务而没有去参加集会，因而认识了新来的邻居，一个电台播音员。两人从不认识到互相攀谈，发展到激情和肉体交欢，都在短短一天内。就在他们分别后的晚上，播音员被法西斯带走，而安东尼泰则似乎重新找回了生活的激情。
复仇者联盟,2012,2012-05-05,"科幻,动作,冒险",142,81,英语,乔斯·韦登,杰克·柯比,群侠集结 终极一战,一股突如其来的强大邪恶势力对地球造成致命威胁，没有任何一个超级英雄能够单独抵挡。长期致力于保护全球安危的神盾局感到措手不及，其指挥官尼克·弗瑞意识到他必须创建一个“史上最强”的联盟组织， 云集各方超级英雄一起发威，才能拯救世界于水深火热，抵御黑暗势力的侵袭。于是由六大超级英雄——“钢铁侠”、“雷神” 、“美国队长”、“绿巨人” 、“黑寡妇”和“鹰眼”组成的 “复仇者联盟”应运而生。他们各显神通，团结一心，终于战胜了邪恶势力，保证了地球的安全。
白蛇2：青蛇劫起,2021,2021-07-23,"动画,奇幻,动作,冒险",131,81,-,黄家康,大毛,Dependence arises from the previous life.,南宋末年，小白为救许仙水漫金山，终被法海压在雷峰塔下。小青则意外被法海打入诡异的修罗城幻境。几次危机中小青被神秘蒙面少年所救，小青带着出去救出小白的执念历经劫难与成长，同蒙面少年一起寻找离开的办法。
与神同行2：因与缘,2018,2018-08-01,"动作,冒险,奇幻,惊悚",141,81,朝鲜语,金容华,,Unveiling millennium-old secrets.,三位阴间使者江林（河正宇 饰）、解怨脉（朱智勋 饰）、德春（金香起 饰）即将带领第49位「贵人」金秀鸿（金东旭 饰）进行地狱审判，他们同时发现人间有一位家神（马东锡 饰），试图把早该阳寿已尽的老人强留人间。阴间使者为了带走该名老人，开始与家神展开激烈决斗，而在这个过程之中，三位阴间使者千年以前的前世之谜也将被一一揭开…
M就是凶手,1931,1931-05-11,"剧情,惊悚,犯罪",110,81,德语,弗里茨·朗,特娅·冯·哈堡,谁是凶手？,柏林这些天连续发生了多起小女孩失踪事件，最后发现这些孩子都无一例外惨遭毒手。这个专门以小女孩为目标的凶手令到柏林城内人人惊恐，家长都不敢让自己的孩子外出玩耍；警察们更是在社会压力下全部出动，然而却一无所获；连黑道都感到压力了，因为警察们一天到晚找他们麻烦，大大影响了他们 的生意。于是黑白两道同时展开了抓拿凶手行动。 最终人们还是从一位卖气球的盲人小贩处获得线索，他曾经卖过气球给于凶手一同前来的小女孩，他根据凶手的口哨声认出了此人经常来买气球。聪明的小贩在凶手背后写了个字母“M”，于是警查们开始追寻这个凶手“M”（彼得•洛 Peter Lorre 饰）。
傲慢与偏见,2005,2026-04-16,"剧情,爱情",129,81,英语,乔·赖特,简·奥斯汀,有时你最不愿与之相处的人，偏偏是你生命中不可或缺的存在。,根据简·奥斯汀同名小说改编。伊丽莎白·班纳特(凯拉·奈特丽 饰)出身于小地主家庭，有四个姐妹，母亲班纳特太太整天操心着为女儿物色称心如意的丈夫。新来的邻居宾格来先生和他的朋友达西（马修·麦克菲迪恩 饰）打破了她们一家人单调的乡村生活。宾格来和伊丽莎白的姐姐简·班纳特互生情愫；达西对善良聪明的伊丽莎白产生了好感，而伊丽莎白却对达西不可一世的傲慢心存偏见，不接受他的感情。然而，世事难料，宾格来和简·班纳特因为误会，关系危在旦夕；达西的种种作为，展示了性格中和伊丽莎白相同的善良一面，逐渐赢得了伊丽莎白的好感。两对有情人能否终成眷属？班纳特姐妹们能否得到自己想要的生活？
三块广告牌,2017,2018-03-02,"犯罪,剧情",115,81,英语,马丁·麦克唐纳,,简介,本片是奥斯卡奖提名者马丁·麦克唐纳执导的一部黑色喜剧犯罪剧情片。在女儿遇害案悬置数月仍未破获后，米尔德丽德·海斯采取了一项大胆之举：她租下通往小镇路上的三块广告牌，牌上直指当地德高望重的警察局长比尔·威洛比的尖锐标语掀起轩然大波。而当威洛比麾下警员杰森·迪克森——一个沉迷酒精与暴力的不成熟妈宝男——卷入冲突后，米尔德丽德与埃宾镇执法部门之间的对抗愈演愈烈。[福克斯探照灯影业]
为美好的世界献上祝福！红传说,2019,2019-08-30,"动画,喜剧,奇幻",90,81,日语,金崎贵臣,晓夏目,We will definitely return alive. Go back to that place.,本应由于交通事故（!?）导致人生轻易闭幕的游戏迷家里蹲·佐藤和真，事出偶然地带着女神·阿库娅转生到了异世界。“在如同RPG游戏一样的异世界，享受憧憬已久的冒险者生活！目标是勇者！”像这样兴奋了还没多久，转生而来的和真就尽是遇到倒霉的事情。 麻烦制造机废柴女神·阿库娅，重度中二病魔法使·惠惠，妄想停不下来的女骑士·达克妮丝，和真与空有高超能力值却无比残念的这3人组队，欠下一屁股债，涉嫌颠覆国家罪而遭到审判，讨伐魔王军干部，偶尔还会死一死……  这样的某一天，突然跑来的红魔族少女·悠悠的一句爆炸性发言，让和真等人当场石化。“我想要和真先生的孩子！”问明原因，原来惠惠和悠悠的故乡“红魔之里” 目前正濒临灭亡的危机。追在出发前去拯救村落的悠悠后面，和真等人向着红魔之里出发，但——！？向和真小队袭来的最大危机！平凡的冒险者和真度过的异世界生活，未来究竟会怎样！？
天堂的孩子,1945,1945-03-22,"剧情,爱情",190,81,法语,马塞尔·卡尔内,雅克·普雷维尔,终于来了！这部备受赞誉的法国电影。,这部被公认为法国影史瑰宝的杰作，将诗意现实主义推向了至臻之境。影片以灵动的笔触描绘十九世纪巴黎剧场风月界，在二战期间拍摄完成。故事围绕一位神秘女子展开，她被四个基于历史原型创作的男人所爱慕：一位演员、一名罪犯、一位伯爵，以及最令人心碎的角色——用浸透世代渴慕的表演撼动心灵的哑剧艺人。导演马塞尔·卡尔内与编剧雅克·普莱维尔以敏锐的洞察与戏剧激情，重现了这个充斥着江湖骗子与贵族、盗贼与名伶、掮客与先知的浮世绘。
一条狗的使命2,2019,2019-05-17,"家庭,冒险,剧情",108,80,英语,W·布鲁斯·卡梅隆,Gail Mancuso,一次新的旅程,小狗贝利延续使命，在主人伊森的嘱托下，通过不断的生命轮回， 执着守护伊森的孙女CJ，将伊森对孙女的爱与陪伴，当做最重要的使命和意义，最终帮助CJ收获幸福，再次回到主人伊森身边。
象人,1980,2026-04-16,"剧情,历史",124,80,英语,大卫·林奇,埃里克·伯格伦,一个关于勇气与人性尊严的真实故事。,象人（约翰•赫特 John Hurt 饰）是一个天生的畸形症患者，他的脸长得就像大象的脸，因此而得名。象人一直被利欲昏心的马戏团老板利用，带到世界各地去巡回演出，受尽了非人的虐待。象人所经受的遭遇社会名流们都会感到不可思议，然而乐观坚强的象人却承担了下来。
被遗忘的人们,1950,1950-12-09,"剧情,犯罪",82,80,西班牙语,路易斯·布努埃尔,路易斯·德拉维加,简介,一群少年犯在墨西哥城臭名昭著的贫民窟中过着暴力的生活，其中年轻的佩德罗（Pedro）的道德观逐渐被其他人腐蚀和摧毁。
出租车司机,2017,2017-08-02,"剧情,历史",137,80,朝鲜语,张勋,严宥娜,"Based on true events, an untold story of a taxi driver.",本片取材于西德记者于尔根·欣茨佩特采访光州民主化运动的故事，1980年5月韩国光州民主化运动时，汉城出租车司机金万燮于机缘巧合下意外接载一名德国记者，前往光州进行采访工作，在军队无情的屠杀下，顺利帮助记者历劫归来。
2001太空漫游,1968,2016-04-22,"科幻,悬疑,冒险",149,80,英语,斯坦利·库布里克,亚瑟·克拉克,终极之旅。,本片是一次通向未来的倒计时，一张指引人类命运的地图，一场对无限的求索。库布里克为开启这场未来之旅，先回溯至我们史前的猿类祖先时期，随即跨越数千年（通过电影史上一次极具震撼的跳接）来到已被殖民的太空，最终将宇航员鲍曼（凯尔·杜拉 饰）送入未知的星际领域，乃至可能抵达不朽之境。“打开分离舱门，哈尔。”让这场无与伦比、充满敬畏与奥秘的旅程就此启程。[华纳兄弟]
隐藏人物,2016,2017-06-16,"剧情,历史",127,80,英语,西奥多·梅尔菲,艾莉森·施罗德,在你所做的任务背后，认识你不认识的女人。,影片讲述1962年，汉森饰演的非裔美国数学家与斯宾瑟和梦奈两位“同事”组成智囊团，为宇航员约翰·格伦成功绕地球轨道飞行做出贡献。
婚姻生活,1974,1974-10-28,"剧情,爱情",169,80,瑞典语,英格玛·伯格曼,,简介,玛丽是律师，约翰是精神学讲师，二人结婚十余载，最初像一对恩爱的中产夫妻，与互相折磨的另一对夫妻成强烈对比。但后来他们自己的婚姻也出现了危机，各自分开发展。当他们再见面时，两人都惊异于对方的从容自信。
紫心之恋,2022,2022-07-29,"爱情,剧情",122,80,英语,伊丽莎白·艾伦·罗森鲍姆,丽兹·加西亚,简介,梦想成为音乐人的女孩和即将出征的海军陆战队员出于各自的需要同意形婚，但一场悲剧很快令他们虚假的关系变得真实起来。
一封关于父亲的信,2008,2008-10-31,"纪录,犯罪",94,80,英语,Kurt Kuenne,,简介,本片是一部极具个人色彩的纪录片，深情而强烈地讲述了柯特挚友被谋杀的案件，以及随后发生的、令人难以置信的法律与情感疯狂。[Oscilloscope Pictures]
蜗牛回忆录,2024,2025-09-05,"动画,喜剧,剧情",95,80,英语,亚当·艾略特,,"Life can only be understood backwards, but we have to live it forwards.",来自奥斯卡获奖动画师亚当·艾略特，这部苦乐参半的回忆录讲述了一位名叫格蕾丝·普德尔的忧郁女人的故事——她收集蜗牛、爱情小说和豚鼠。
福尔摩斯二世,1924,1924-04-17,"动作,喜剧,悬疑",45,80,英语,巴斯特·基頓,克莱德·布鲁克曼,每一帧画面都充满了笑点！,影片的男主角基顿（巴斯特·基顿 Buster Keaton 饰）是一名乡村影院电影放映师，他喜欢阅读侦探类的书籍，经常幻想自己就是一名像福尔摩一样的大侦探。一天，他把价值一元的巧克力糖谎称四元送给女友凯莎琳（Kathryn McGuire 饰），不料被情敌趁机陷害，说基 顿偷了别人的手表拿去当才有钱买巧克力。凯莎琳相信了谗言，遂将基顿赶出门外，并取消了二人之间的婚约。基顿查访之后，发现情敌才是偷表典当的家伙，但却苦无证据洗清冤情。某日，基顿在放映电影时，发现银幕上的故事竟和他的遭遇同出一辙，而且人物也雷同，唯一不同的是电影中的故事发生在一个上流家庭而已。基顿边放映电影边沉溺在电影之中，于是走出放映室，从观众席走入银幕之中逮捕情敌罪犯。可是进入银幕后的基顿却四处碰壁，一筹莫展．随着场景的变化，银幕上的映象不断从幻想变成事实……
与神同行：罪与罚,2017,2017-12-20,"动作,冒险,剧情,奇幻,惊悚",139,80,朝鲜语,金容华,,Fate continues even after death.,阴间有法，所有亡者在死后的49天内都要经过七次审判——分别在杀人狱、懒惰狱、欺骗狱、不义狱、背叛狱、暴力狱、天伦狱中进行，只有通过了七次审判宣告无罪的亡者，才有获得新生的机会。消防员金子洪在一场火灾当中为了救一名女孩而不幸牺牲。地狱使者解怨脉和德春出现在了金子洪的面前。尽管金子洪无法相信自己的死亡，却被德春一脸严肃地告知自己既是亡者、又是贵人。在通往地狱的入口，金子洪遇到了在初军门等着自己的另一位使者江林。他掌管着解怨脉和德春两位使者，同时也将在子洪即将接受的七次审判中为子洪进行辩护...
黎明墙,2017,2018-03-11,"纪录,冒险",101,80,英语,Josh Lowell,Peter Mortimer,简介,讲述两名男子徒手征服“世界最难攀登绝壁”黎明墙的经历，热血沸腾鼓舞人心[并不简单] 2015年1月，Tommy Caldwell和Kevin Jorgeson开始攀登，两人在陡峭的垂直悬崖上生活了数周，引发了全球媒体的狂热关注。对Caldwell来说，这不仅仅是一次攀登，也是证明自己的强大之处的机会：22岁时，Caldwell被吉尔吉斯斯坦叛军挟持为人质，不久后他在一次事故中失去食指。两人耗时将近20天，成功登顶加利福利亚约塞米蒂国家公园的埃尔卡皮坦山，创下了徒手攀上黎明墙的世界纪录。  在此之前，两人花费了6年的时间规划路线，于2010和2011年两次尝试攀爬，均以失败告终。1958年首次有人征服黎明墙，目前约有100多条攀登路线，但从未有人徒手登顶。奥巴马也曾在两人成功后表示祝贺，称“一切皆有可能”。
窃听风暴,2006,2006-03-23,"剧情,惊悚",137,80,德语,弗洛里安·多纳斯马尔克,,柏林墙没倒的时候，东德的秘密警察听过了你的秘密。,一部政治惊悚片，亦是一曲人性剧，本片的故事始于1984年的东柏林，时值柏林墙倒塌与“公开性”政策实施五年前，并最终将我们带至1991年已然统一的德国。影片刻画了东德全权秘密警察机构史塔西麾下的精锐军官——格尔德·维泽勒上尉逐渐醒悟的过程。
雄狮,2016,2017-06-23,剧情,118,80,英语,加斯·戴维斯,卢克·戴维斯,The search begins,萨罗 和妹妹、哥哥以及母亲过着相依为命的生活，虽然贫穷艰辛，但一家人在一起相互扶持，日子过得依然温暖而又充满了欢乐。一次偶然中，萨罗同哥哥在火车站走散了，误打误撞之中，萨罗登上了一列开往加尔各答的火车，在那里，萨罗成为了露宿街头的流浪儿，并最终被送进了收容所。
驯龙高手：重回家园,2019,2019-12-03,"动画,奇幻,冒险,家庭",21,80,英语,蒂姆·约翰逊,乔恩·波拉克,简介,故事发生在小嗝嗝与没牙仔分开的五年之后，博克岛一年一度的亲衣节又到了，然而随着小嗝嗝的孩子们的长大，对龙与人曾经那段真挚而深刻的友谊只能通过父母的言语来了解，不免产生了质疑，小嗝嗝为防止孩子们对龙的误解，又能想出怎样的妙招呢？
我对你电影版：S先生的报仇,2020,2020-01-17,"家庭,奇幻",64,80,意大利语,Luigi Calagna,Sofia Scalia,简介,路易和索菲再次与可怕的S先生展开战斗，这一次他将向公众揭露真面目。
甜蜜的生活,1960,1960-02-05,"喜剧,剧情",174,80,意大利语,费德里科·费里尼,恩尼奥·弗拉亚诺,今日全球热议的电影！,作为史上最受欢迎的意大利导演之票房巅峰作，此片一举将费德里科·费里尼推向国际主流视野——讽刺的是，它恰恰通过尖锐批判明星文化而达成此成就。影片审视罗马奢华光鲜阶层诱人生活方式下的黑暗底色，跟随一位声名狼藉的八卦记者，记录其在聚光灯边缘奔波忙碌的一周。这部尖刻的影像不仅是对当代欧洲日益深化的堕落风气的犀利评论，更精准预言了社会将对八卦与名声产生何等病态的追逐。[标准收藏公司]
灿烂人生,2003,2003-06-22,"剧情,历史,爱情",367,80,意大利语,桑德罗·佩特拉利亚,斯特凡诺·鲁利,The Possibilities Were Endless...,这部跨越四十载（从动荡的1960年代直至当代）的澎湃史诗，跟随一对意大利兄弟穿越意大利近代史上最跌宕起伏的历史事件。[米拉麦克斯]
HOMECOMING: A film by Beyoncé,2019,2019-04-17,"纪录,音乐,电视电影",137,80,-,碧昂丝,,简介,碧昂丝柯契拉(Coachella)音乐节纪录片[归家：碧昂丝作品](Homecoming: A Film By Beyoncé，暂译)首曝繁体中字预告！该片将记录碧昂丝在柯契拉(Coachella)音乐节的台前幕后。影片将于4月17日登陆Netflix
罗生门,1950,1950-08-26,"犯罪,剧情,悬疑",88,80,日语,黑泽明,芥川龙之介,丈夫，妻子……还是强盗？,这部引人入胜的心理惊悚片探讨真相的本质与正义的意义，被广泛视为影史最伟大的作品之一。四名当事人对一名男子的被杀及其妻子遭强奸的事件给出了截然不同的说法，导演黑泽明以极具冲击力的影像和巧妙的闪回手法呈现这段罗生门。这部雄辩的杰作在国际影坛引起轰动，革新了电影语言，并将日本电影——以及一位气场十足的新星，名为三船敏郎——带向了西方世界。[标准收藏]
华尔街之狼,2013,2013-12-25,"犯罪,剧情,喜剧",180,80,英语,马丁·斯科塞斯,特伦斯·温特,赚取。消费。派对。,在危机四伏的投资界，掌管史崔顿·奥克蒙公司的乔丹·贝尔福特生活侈靡、实力雄厚。1987年，22岁的乔丹进入罗斯柴尔德公司，从接线员做起，在高级经纪人马克指点下，进入了股票经纪人充满毒品和欲望的世界，半年后因“黑色星期一”，乔丹转投靠贩卖“便士股票”的小公司，凭借巧舌如簧获得成功，与邻居唐尼和一班朋友另立门户，游走在灰色地带获利颇丰，获称“华尔街之狼”，然而，FBI已经开始留意他。
我的名字叫可汗,2010,2010-02-10,"剧情,爱情",165,80,印地语,Shibani Bathija,Karan Johar,"An ordinary man, an extraordinary journey... FOR LOVE.",信奉伊斯兰教的里兹瓦·罕（沙鲁克·罕 Shahrukh Khan 饰）从小患有阿斯伯格综合症，母亲去世后，他追随弟弟扎克尔（吉米·舍尔吉勒 Jimmy Shergill 饰）的脚步从印度孟买移民美国旧金山。里兹瓦在帮哥哥的化妆品公司推销美容产品时认识了经营发廊的单身母亲曼迪娅（卡卓尔 Kajol 饰）。里兹瓦不顾哥哥的反对执意与印度教的曼迪娅结为夫妇，一家人和谐美满。9.11恐怖袭击的发生使美国国内掀起了反对、歧视穆斯林教徒的风潮，里兹瓦与曼迪娅的发廊被迫关张，而曼迪娅的独子山姆（Yuvaan Makaar 饰）更是在一场由种族歧视引发的少年争斗中意外身亡。悲愤的曼迪娅将愤怒发泄在了里兹瓦的穆斯林姓氏“罕”上，说只有里兹瓦告诉美国人民及美国总统他的姓氏并非与恐怖分子相关，才会与他再次相见。就这样，执着的里兹瓦踏上了艰难的觐见总统之途……
布达佩斯大饭店,2014,2014-03-07,"喜剧,剧情",100,80,英语,韦斯·安德森,雨果·吉尼斯,D夫人巨额财产谋杀案，围绕其猝死的最骇人听闻事件！,韦斯·安德森以其冷峻机锋与视觉奇想，在两次世界大战之间旧世浮华的欧洲舞台上，铺陈开这场精致的冒险轶事。在奢华非凡的布达佩斯大饭店中，礼宾员古斯塔沃先生与他的年轻门生零因卷入一起无价文艺复兴画作失窃案与巨额家族遗产争夺战而建立起坚不可摧的羁绊——而此时整个大陆正被政局动荡所吞噬。这部精心雕琢的作品既是酣畅淋漓的流浪汉传奇，亦是对逝去世界之辉煌与友谊的深情颂歌。[标准收藏]
奥本海默,2023,2023-08-30,"剧情,历史",181,80,英语,克里斯托弗·诺兰,,世界永远改变。,亲临这部震撼全球的现象级巨制。克里斯托弗·诺兰编剧并执导的本片带领观众深入物理学家J·罗伯特·奥本海默（基里安·墨菲 饰）的内心世界，他在曼哈顿计划中的开创性工作催生了世界上第一颗原子弹。这场无与伦比的银幕盛宴汇聚全明星阵容，包括艾米莉·布朗特、奥斯卡奖得主马特·达蒙、奥斯卡奖提名者小罗伯特·唐尼、奥斯卡奖提名者弗洛伦丝·皮尤、乔什·哈奈特，以及奥斯卡奖得主凯西·阿弗莱克、拉米·马雷克与肯尼思·布拉纳。[环球影业]
晚春,1949,1949-09-13,剧情,108,80,日语,小津安二郎,广津和郎,简介,作为小津安二郎最具感染力的家庭肖像之一，本片讲述了丧偶的父亲深感必须为钟爱的独生女安排婚事的故事。小津御用演员笠智众与原节子以精湛演技，诠释了这部关于战后日本爱与失落的隽永诗篇。作品中渗透的微妙张力历久弥新，正是其创作者足以跻身影史殿堂级大师之列的有力印证。[标准收藏公司]
黄昏双镖客,1965,1965-12-18,西部,132,80,意大利语,赛尔乔·莱昂内,卢西亚诺·文森佐尼,没有名字的人回来了…黑衣人正在等待…一个行走的武器库：解围、攻击和杀戮！,Indio（吉昂·马利亚·沃隆特 Gian Maria Volonté 饰）是一个穷凶极恶的通缉犯，他伙同他的团伙屡次作案，他有一个怀表，每次大开杀戒之前都会看一看表，表上有一个女人的照片。赏金猎人Manco（克林特·伊斯特伍德 Clint Eastwood 饰）正在追捕Indio，而另外一个赏金猎人Colonel Douglas Mortimer （李·范·克里夫 Lee Van Cleef 饰）也在追捕同样的目标。两人一开始都看对方不顺眼，后来才决定一起追捕Indio。两人得知Indio准备去抢劫银行，于是定下计谋，让Mortimer加入Indio的团队，之后再和Manco来个里应外合。后来两人不慎被Indio所抓获。到底Manco和Mortimer能否除掉Indio，而Indio怀表里那个女人又和Mortimer有何联系？
莫扎特传,1984,1984-09-19,"剧情,历史,音乐",160,80,英语,米洛斯·福尔曼,彼得·谢弗,那个男人... 那段音乐... 那场疯狂... 那桩谋杀... 那部电影。,影片呈现了天才莫扎特（汤姆·休斯克 饰）与心怀嫉妒的宫廷作曲家萨列里（F·莫里·亚伯拉罕 饰）之间的较量——后者可能正是摧毁莫扎特事业并缩短其生命的推手。
相信我：被诱拐的丽莎·麦克维,2018,2018-09-30,"剧情,电视电影,犯罪",87,80,英语,Jim Donovan,克里斯蒂娜·威尔士,简介,一名17岁的少女在她计划自杀的当晚被绑架，她必须为活下去而战斗。她设法说服袭击者放过她，在经过26小时后等来了生机。但当她回家时，除了一名怀疑凶手为连环杀手的侦探外，没有人相信她的故事。
奥特曼：崛起,2024,2024-06-14,"动画,科幻,家庭,动作",117,80,英语,Shannon Tindle,Marc Haimes,Big hero. Bigger responsibility.,一名明星运动员不情愿地回到家乡，接替父亲继承奥特曼的衣钵，保护东京免遭巨大怪兽的破坏，成为一名传奇英雄。
K-Pop 猎魔女团,2025,2025-06-20,"奇幻,音乐,喜剧,动画",96,80,英语,麦琪·康,克里斯·阿佩尔汉斯,他们歌唱，他们舞蹈，他们与恶魔战斗。,Kpop 超级明星鲁米、米拉和佐伊如果不是在座无虚席的体育场举办演唱会，就是在利用自己的秘密身份 — 强悍的恶魔猎人 — 保护粉丝们免受无处不在的超自然威胁。她们必须共同面对迄今为止最强大的敌人：一支魅力难挡、由恶魔伪装的男团组合。
第二个妈妈,2015,2024-04-22,剧情,112,80,葡萄牙语,Anna Muylaert,,简介,现代圣保罗，勤劳的住家女佣瓦尔对照顾富裕雇主全家起居毫无怨言——从烹饪清洁，到充当他们从襁褓带大的青春期儿子的代母亲。但当瓦尔久未谋面的女儿杰西卡突然出现，这栋宅邸里心照不宣却根深蒂固的阶级壁垒骤然崩塌。自信、聪慧且野心勃勃的杰西卡拒绝接受楼上/楼下的既定秩序，不仅考验着人际关系与忠诚，更迫使所有人重新审视“家”的真正含义。[Oscilloscope Pictures]
切肤之痛,2018,2018-08-29,剧情,100,80,意大利语,Alessio Cremonini,Lisa Nur Sultan,The last seven days of Stefano Cucchi,刚刚结束的第75届威尼斯电影节(2018)地平线单元开幕片，真实事件改编，电影主人公的原型是意大利青年StefanoCucchi，2009年10月15日，他因携带毒品被警方逮捕，但是在被捕后短短六天的时间里，他的健康状况急剧恶化，并于当月22日死于监狱中。StefanoCucchi的死因至今是个谜，而他的家人仍然没有放弃寻找真相......
博·伯瀚：制造快乐,2016,2016-06-03,"喜剧,音乐",60,80,英语,博·伯翰,Christopher Storer,Are you happy?,博·伯翰 (Bo Burnham) 在他令人眼花缭乱的全新单口喜剧特辑中探讨了生、死、性、虚伪、精神疾病和品客薯片罐头。
骗中骗,1973,1973-12-25,"喜剧,犯罪,剧情",129,80,英语,乔治·罗伊·希尔,大卫·沙德·沃德,...all it takes is a little confidence.,1936年9月的芝加哥，一名年轻的骗子为给遇害的搭档复仇，与一位骗术大师联手，设局从一名犯罪头目银行家手中赢取巨额财富。
巴黎在燃烧,1991,1991-03-13,纪录,78,80,英语,Jennie Livingston,,Having a ball… Wish you were here,时装舞从何而来？“甩眼色”又究竟是什么意思？这部里程碑式的纪录片通过纽约哈林区非裔与拉丁裔变装舞会文化的视角，生动捕捉了1980年代的时代剪影。历时七年制作完成的本片以亲密视角记录了相互竞争的时尚“舞团”——从争夺奖杯的激烈角逐，到舞团之母在充斥着恐同、跨性别恐惧、种族歧视、艾滋病与贫困的世界中维系生存。片中汇聚传奇时装舞者、变装皇后与跨性别女性——包括威利·忍者、佩珀·拉贝贾、多里安·科里和维纳斯·艾克斯塔瓦甘萨。影片以鲜活影像记录这一切，颂扬律动的欢愉、言语的力量与社群的凝聚力。[标准收藏]
怦然心动,2010,2010-08-06,"爱情,剧情",90,80,英语,罗伯·莱纳,温德林·范·德拉宁,你永远不会忘记自己的初恋,布莱斯全家搬到小镇，邻家女孩朱丽前来帮忙。她对他一见钟情，心愿是获得他的吻。两人是同班同学，她一直想方设法接近他，但是他避之不及。她喜欢爬在高高的梧桐树上看风景。但因为施工，树被要被砍掉，她誓死捍卫，希望他并肩作战，但是他退缩了。她的事迹上了报纸，外公对她颇有好感，令他十分困惑。她凭借鸡下蛋的项目获得了科技展第一名，成了全场焦点，令他黯然失色。她把自家鸡蛋送给他，他听家人怀疑她家鸡蛋不卫生，便偷偷把鸡蛋丢掉。她得知真相，很伤心，两人关系跌入冰点。她跟家人诉说，引发争吵。原来父亲一直攒钱照顾傻弟弟，所以生活拮据。她理解了父母，自己动手，还得到了他外公的鼎力相助。他向她道歉，但是并未解决问题。他开始关注她。鸡蛋风波未平，家庭晚宴与午餐男孩评选又把两人扯在了一起……
乱,1985,1985-06-01,"动作,剧情,历史",160,80,"$12,000,000.00",黑泽明,小国英雄,在这个疯狂的世界里，唯有疯狂者才保持着清醒。,电影大师黑泽明将莎士比亚的《李尔王》重构为一部以十六世纪日本为背景的史诗巨作。这部气势恢宏的晚年杰作，以磅礴的叙事透视战争的虚妄，刻画了一个家族在背叛、贪婪与权力欲望重压之下逐渐崩毁的悲剧图景。[标准收藏]
吉尔莫·德尔·托罗的匹诺曹,2022,2022-11-09,"动画,奇幻,冒险,剧情",117,80,英语,吉尔莫·德尔·托罗,马克·古斯塔夫森,爱会给你生命。,奥斯卡金像奖获奖电影制作人吉尔莫·德尔·托罗对卡洛·科洛迪的经典故事进行了改编：一个牵线木偶神奇地有了生命，为悲伤的木雕师杰佩托带来慰藉。这部异想天开的定格动画电影由吉尔莫·德尔·托罗和马克·古斯塔夫森执导。为了在世界上找到自己的位置，匹诺曹开始了捣蛋、叛逆的冒险之旅。
叫我第一名,2008,2008-12-07,剧情,98,80,英语,彼得·维纳,托马斯·里克曼,"24 schools turned him down, 1 gave him a chance… The unforgettable story of a teacher determined to make a difference.","BoBo（詹姆斯•沃克 James Wolk 饰）患有先天性的妥瑞氏症，这种严重的痉挛疾病，导致他无法控制地扭动脖子和发出奇怪的声音。而这种怪异的行为，更是让他从小不被周围的人理解，在学校里老师经常批评他，同学们更是对他冷嘲热讽，就连他的父亲也对他失望透顶。只有他的母亲一直是他的坚实臂弯，母亲的坚持与鼓励，让他能够在正常人的生活里艰难前行。然而面对这个不能理解他的世界，BoBo一直在痛苦的漩涡里挣扎。直到在一次全校大会上校长在众人面前巧妙的让大家了解了BoBo的真实情况，让他有了成为一名关爱学生的教师的坚定梦想，即使因为这个病症让BoBo在寻求教师梦想的道路上遭到众人怀疑，屡屡受挫，但他始终坚持着自己的这份梦想, 为了找到一个愿意接受自己的学校，不抛弃梦想，不放弃信念，默默的努力。而他曾经曲折的人生道路在他的坚持下也开始慢慢好转…"
雨月物语,1953,1953-03-26,"奇幻,剧情,悬疑",96,80,日语,沟口健二,吉田喜重,简介,战国时代，琵琶湖附近的一个小山村里住着源十郎（森雅之饰）和妻子宫木（田中绢代饰），还有妹夫藤兵卫（小泽荣饰）、妹妹阿滨（水户光子）。他们以开小瓷窑、烧制瓷器为生，战乱中，源十郎想趁着战乱发一笔横财，而藤兵卫则想着成为一名武士，出人头地。 二人带着烧制好的上好瓷器离开家乡去市镇变卖，果然赚到一大笔钱，源十郎甚至碰上了一位美若天仙的贵族小姐若狭（京町子饰），雨云之欢，乐不思蜀。一天晚归的源十郎被一僧人告知是否遇见什么不干净的东西……。而藤兵卫也如愿以偿地成为了武士，撞大运碰上美事，好不威风，但他居然在寻欢之时遇见了妻子……，骇人的事实摆在了他们的面前。
罗马，不设防的城市,1945,1945-10-08,"剧情,战争",104,80,意大利语,罗伯托·罗西里尼,塞尔吉奥·阿米代,我们的战斗才刚刚开始。,二次大战结束前夕，占领罗马的德军仍大肆搜捕游击队。遭到追捕的地下党员工程师曼发弟逃出来，又在平娜的帮助下见到了唐 皮得罗神父，请神父将一笔巨款交给游击队。德军包围了平娜家，向逮捕曼发弟，神父镇静的应付德军，德军只抓走了平娜就要嫁给的工人弗兰西斯科，并杀死了平娜。曼发弟与绝处逢生的弗兰西斯克继续在城内活动。由于曼发弟的女友告密，曼发弟和神父被捕，他们都在敌人的酷刑和枪弹下英勇牺牲... ...
哈利·波特与阿兹卡班的囚徒,2004,2004-09-10,"冒险,奇幻",141,80,英语,阿方索·卡隆,J·K·罗琳,每件事都将改变,在本片中，哈利、罗恩与赫敏已成长为少年，返回霍格沃茨魔法学校开启第三年的学习。这一年，他们被迫直面越狱逃跑的囚犯小天狼星布莱克——一个对哈利构成巨大威胁的人。哈利和他的朋友们在这一年里学习如何驯服半马半鹰的鹰头马身有翼兽、击退会变形的博格特，并掌握占卜学的技艺。他们还造访了巫师村落霍格莫德村，以及号称全英最阴森的尖叫棚屋。除了这些新奇的体验，哈利还必须战胜吸食灵魂的摄魂怪的威胁，智斗危险的狼人，并最终弄清小天狼星布莱克与他自己以及他父母之间的真相。在与挚友的并肩作战中，哈利掌握了高深的魔法，跨越了时间的界限，从而改变了不止一个人的命运。[华纳兄弟]
梦之安魂曲,2000,2000-10-06,"犯罪,剧情",102,80,英语,达伦·阿罗诺夫斯基,小休伯特·塞尔比,救命啊！我快要崩溃了。,哈瑞和玛丽安彼此相爱，梦想着开个服装店，梦想着有个美好的明天。然而他们都离不开毒品，并想着以销毒赚得第一桶金。哈瑞的母亲是个彻底的电视迷，最大的梦想是上电视，为此不顾年迈吞食减肥药。由于药品里的毒品成分，她渐渐上了瘾。哈瑞的朋友狄龙同样是个瘾君子，为了挣大钱加入了黑社会。为了梦想，他们努力着，却一步步深陷毒品难以自拔。
艾拉：战争之女,2017,2017-10-27,"剧情,战争,历史",124,80,土耳其语,Can Ulkay,Yiğit Güralp,简介,讲述1950年赴朝鲜参战的一名土耳其军官与一名韩国孤儿之间的感人故事
极速车王,2019,2020-08-07,"剧情,历史,动作",152,80,英语,詹姆斯·曼戈尔德,约翰-亨利·巴特沃斯,超极限90天打造世界级赛车 24小时魔鬼赛程 挑战勒芒赛道,基于真实故事，聚焦由汽车设计师卡罗尔·谢尔比带领的一队美国工程师、设计师，以及他旗下的英国车手肯·迈尔斯，亨利·福特二世要求谢尔比打造一辆全新的赛车，希望能在 1966 年的勒芒世界锦标赛上打败长期占主导地位的法拉利。最终福特 GT40 在勒芒 24 小时耐力赛中成功击败法拉利，并蝉联了 1967 和 1968 年的冠军。
忠犬八公的故事,2009,2009-06-08,"剧情,家庭",93,80,英语,莱塞·霍尔斯道姆,斯蒂芬·P·林赛,"A true story of faith, devotion and undying love.",八公 是一条谜一样的犬，因为没有人知道它从哪里来。教授帕克 在小镇的火车站拣到一只走失的小狗，冥冥中似乎注定小狗和帕克教授有着某种缘分，帕克一抱起这只小狗就再也放不下来，最终，帕克对小狗八公的疼爱感化了起初极力反对养狗的妻子卡特。八公在帕克的呵护下慢慢长大，帕克上班时八公会一直把他送到车站，下班时八公也会早早便爬在车站等候，八公的忠诚让小镇的人家对它更加疼爱。有一天，八公在帕克要上班时表现异常，居然玩起了以往从来不会的捡球游戏，八公的表现让帕克非常满意，可是就是在那天，帕克因病去世。帕克的妻子、女儿安迪 及女婿迈克尔 怀着无比沉痛的心情埋葬了帕克，可是不明就里的八公却依然每天傍晚五点准时守候在小站的门前，等待着主人归来……
三傻大闹宝莱坞,2009,2009-12-25,"剧情,喜剧",171,80,印地语,拉吉库马尔·希拉尼,阿希贾特·乔希,Aal Izz Well!,本片根据印度畅销书作家奇坦·巴哈特（Chetan Bhagat）的处女作小说《五点人》（Five Point Someone）改编而成。法兰、拉杜与兰乔是皇家工程学院的学生，三人共居一室，结为好友。在以严格著称的学院里，兰乔是个非常与众不同的学生，他不死记硬背，甚至还公然顶撞校长“病毒”，质疑他的教学方法。他不仅鼓动法兰与拉杜去勇敢追寻理想，还劝说校长的二女儿碧雅离开满眼铜臭的未婚夫。兰乔的特立独行引起了模范学生“消音器”的不满，他约定十年后再与兰乔一决高下，看哪种生活方式更能取得成功。本片获孟买电影博览奖最佳影片、最佳导演、最佳配角（波曼·伊拉尼）、最佳剧本等六项大奖，并获国际印度电影协会最佳影片、最佳导演、最佳剧情、最佳摄影等十六项大奖。
"Toto, Peppino, and the Hussy",1956,1956-08-23,"喜剧,爱情",101,80,意大利语,Nicola Manzari,Camillo Mastrocinque,简介,"Antonio, Peppino and Lucia are three brothers who live in the country near Naples. Lucia's son, Gianni, goes to Naples to study medicine, but there he knows a ballet dancer. They fall in love and, when she goes to Milan, Gianni follows her. Informed of this and afraid that their nephew will stop studying, the three Caponi brothers leave for Milan to persuade Gianni to come back and continue studying and abandon the ""Malafemmina"" (bad girl)."
洛可兄弟,1960,1960-10-07,"剧情,爱情,犯罪",178,80,意大利语,卢基诺·维斯康蒂,苏索·切基·达米科,其现实主义风格大胆无畏，其震撼效果令人惊叹，其宏大视野令人屏息。,卢基诺·维斯康蒂的史诗巨作，讲述一个贫困家庭在欲望与贪婪的撕裂下分崩离析的故事。
恐惧的代价,1953,2021-09-17,"剧情,惊悚,冒险",131,80,法语,Henri-Georges Clouzot,乔治·阿诺,‘Dynamic’ ‘Tremendous’ ‘Shattering’,在一座污秽不堪的南美石油小镇，四名走投无路的男子签下一项自杀式任务：驾驶装载硝化甘油的卡车，穿越一条危机四伏的险峻山路。他们将这易爆货物运往远方熊熊燃烧的油井，沿途每一次颠簸震荡都在考验着他们的勇气、情谊与神经。由此诞生的是一部镌刻在胶片史上最伟大的惊悚片之一——由法国传奇悬念大师亨利-乔治·克鲁佐打造的这段令人屏息的紧张之旅。[标准收藏]
电话谋杀案,1954,1954-05-29,"惊悚,犯罪,剧情",105,80,英语,阿尔弗雷德·希区柯克,弗雷德里克·梅杰·波尔·诺特,这是她一直在等的那个男人……还是一直在等她的那个男人？,汤尼（雷·米兰德 Ray Milland饰）和玛戈（格蕾丝·凯利 Grace Kelly 饰）是貌合神离的一对夫妻。汤尼常常为了他的事业和爱好，把娇妻忘在一边，二人感情亮出红灯。而生活寂寥的玛戈和作家马克不可避免的擦出爱之火花，他们约会、通信，不料竟被汤尼发现。汤尼没有声张，只是写了一封匿名信给妻子以示警告。然而现在马克竟然造访家中，为了一雪耻辱，加之图谋等到妻子玛戈的丰厚财产，汤尼暗生毒计。 汤尼向旧时同学列斯开出了一千英镑的价钱，让其参与他布下的一整套严密杀人计划。这套计划有设计精妙的凶手不在场证据，电话、钥匙，窗帘，统统成为这个阴谋的道具设置。然而计划终究赶不上变化，列斯不但得不到赏金，还要赔上自己的性命。而汤尼却也急中生了智……
"Veinteañera, divorciada y fantástica",2020,2020-02-14,喜剧,93,80,-,Noé Santillán-López,Jose Manuel Flandes,简介,"Regina, our young protagonist, always dreamed of getting married. And she did it - but the dream lasted much less than she thought and now she has to face life in a very funny way as a divorcee."
四百击,1959,1959-06-03,剧情,99,80,法语,弗朗索瓦·特吕弗,,天使的面孔，地狱的暴力之心。,特吕弗的半自传体作品，探讨了一个13岁男孩的生活和内心世界。安托万（让-皮埃尔•利奥德 Jean-Pierre Léaud 饰）处于成长的叛逆期，却没有得到良好的成长土壤。他面对着僵化保守的学校教育制度、四分五裂的家庭坏境和残酷冰冷的社会面相，无论如何都找不到出路。他逃课，见到母亲和他人偷情，跟老师谎称母亲去世，谎言被揭穿后，他离家出走，彻夜不归，并为了归还偷走的打印机而被警察当场抓住，带去了少管中心，但他还是在大家不留神的时候逃走了。安托万拼命往外跑，身后警笛鸣起，迷惘的安托万一直朝着大海奔跑……
El mesero,2021,2021-07-15,喜剧,86,80,-,Raúl Martínez,Alberto Bremer,简介,A waiter pretends to be an important businessman in order to reach the upper class through his entrepreneurial dreams.
阿拉伯的劳伦斯,1962,2013-04-21,"冒险,历史,战争",227,80,英语,大卫·里恩,罗伯特·博尔特,一切皆未注定。,大卫·里恩1962年的史诗巨制。彼得·奥图尔在此献上了影史中最震撼人心的银幕首秀之一，其饰演的传奇人物劳伦斯在广袤沙漠中交织着理想主义与身份迷失的壮阔篇章，至今仍闪耀着不朽的光芒。
美国丽人,1999,1999-09-15,剧情,122,80,英语,萨姆·门德斯,艾伦·鲍尔,... look closer,被禁忌的欲望所激荡，莱斯特·伯纳姆（凯文·史派西 饰）决定打破自己循规蹈矩的生活。这些改变与其说是中年危机，不如说是青春期的再次苏醒。他活得越恣意，就越快活——这让妻子卡罗琳（安妮特·贝宁 饰）和女儿简（索拉·伯奇 饰）愈发恼火，尤其是当他将炽热的目光投向简的朋友、妖娆的安吉拉（米娜·苏瓦丽 饰）时。[Dreamworks SKG]
博·伯翰：隔离在家,2021,2021-07-22,"喜剧,剧情",87,80,英语,博·伯翰,,Look Who’s Inside Again,这部喜剧特辑由博·伯翰在隔离期间创作、拍摄和表演，他通过新歌和新的见解讲述了不寻常的一年。
赌城风云,1995,1995-11-22,"犯罪,剧情",179,80,英语,马丁·斯科塞斯,尼古拉斯·皮莱吉,没有人永远站在顶端。,萨姆·“埃斯”·罗思坦（罗伯特·德尼罗 Robert De Niro 饰）抱着“赌博是一桩需要认真对待的事业”这个信念经营这一家拉斯维加斯的赌场。这个信念使他的赌场生意兴隆，而也让他成为富四一方的大亨。但是自从他娶了妓女出身的金姬（莎朗·斯通 Sharon Stone 饰）后，一切都发生了改变。金姬是个贪得无厌，嗜好酒和毒品的美丽女人，对前男友旧情不忘甚至给他送钱；黑社会老大派来保护萨姆的尼基（乔·佩西 Joe Pesci 饰）总是触犯法律，被警方禁止踏足赌场，还不量力要当老板；萨姆开除了不负责任的雇员却得罪了当地的官员；更糟糕的是，萨姆和昔日的合作伙伴间的摩擦加剧。所有的一切，都使萨姆心神不宁……
天才少女,2017,2017-04-07,"剧情,喜剧",101,80,英语,马克·韦伯,汤姆·弗林,天才的礼物,《天才少女》是由马克·伟布导演及Tom Flynn编剧的一部2017年美国剧情片，由克里斯·埃文斯、麦肯娜·格瑞丝 、琳赛·邓肯、珍妮·斯蕾特和奥塔薇亚·史班森主演。剧情围绕着7岁的天才女孩陷于她的舅舅与外婆的监护权之争。
太极旗飘扬,2004,2004-02-05,"动作,冒险,剧情,历史,战争",148,80,朝鲜语,姜帝圭,金相敦,一个国家，一个家庭…被战争分割。,李镇泰是生活在汉城的一个修鞋匠，一家人的生计就从修补鞋子的费用维持。虽然物质并不富裕，这却是一个十分温馨完整的家庭。妻子李英顺和母亲开一间面馆，平日还要照顾下面的弟妹，弟弟李镇锡是家中所有的希望，如今正在高中读书，考上大学是他的梦想，更是哥哥镇泰的寄托所在。然而随着1950年朝鲜战争突然爆发，平静的生活很快被打乱。战火蔓延汉城，镇泰决定带着家人到大邱去生活，躲避战乱。但在中途，他们却被强行征入军队，押上了开往洛东江前线的列车。从此一家人四分五裂。而在战场上的镇泰只剩下一个愿望：不顾一切用生命保护弟弟，当听说只要获得国家勋章就可以让弟弟免役时，他便疯子般冲在战斗最前沿。然而残酷的战场加上弄人的命运，他们的生命轨迹发生了无可避免的改变。
巴里·林登,1975,2026-04-17,"剧情,战争,历史",184,80,英语,斯坦利·库布里克,威廉·梅克比斯·萨克雷,最终，雷德蒙·巴里成为了一名绅士——而这正是他的悲剧所在。,斯坦利·库布里克以其耀眼的视觉呈现，改编威廉·梅克比斯·萨克雷的小说，将历史剧情片的传统规则纳入自己的意志之下，勾勒出一幅冷酷贵族阶层的画卷。影片以流浪汉小说式的细腻笔触，记述了无可救药的骗子巴里·林登的冒险生涯——他从爱尔兰农场投机发迹，辗转七年战争的沙场，直至跻身上流社会的华丽沙龙。为了这部职业生涯中工艺最显奢华的影片，库布里克以开创性的摄影技术、华美的服饰与场景设计，重现了那个时代的颓靡表象与繁复社会法则，唤醒了十八世纪绘画的光影与肌理。这些探索也为影片赢得了奥斯卡奖项。最终成就的是一部杰作：它以冷嘲而凌厉的笔调，描绘了一个正在消逝的世界，其浮华之下掩盖的，是核心处空洞的道德底色。[标准收藏公司]
艾维奇的真实故事,2017,2017-10-26,"音乐,纪录",97,80,英语,Levan Tsikurishvili,,简介,《艾维奇的真实故事》讲述了艾维奇的内心故事，从内部记录了其丰富的个人和家庭故事及幕后花絮镜头。导演莱万·齐库里什维利（Levan Tsikurishvili）和艾维奇共事四年有余，记录了他的诸多经历和想法。
战国英豪,1958,1958-12-28,"剧情,动作,冒险",139,80,日语,黑泽明,桥本忍,如何对待他人的善意，全在于你个人的选择。,在日本封建时代，在一场血腥的氏族战争中，两个懦弱而贪婪的农民，一个战败军队的士兵，偶然发现了一个神秘人，这个神秘人将他们带到了一个隐藏在深山中的堡垒。
纽伦堡的审判,1961,1961-12-19,"剧情,历史",191,80,英语,斯坦利·厄尔·克雷默,艾比·曼,全世界永远不会忘记的事。,由斯潘塞．特蕾西、理查德．威德马克等联合主演的本片是一部群星戏。讲述二战后在纽伦堡提审德国纳粹计划的法律关系者，三个被告提审的原因是给犹太人施行断种手术。担任主审判长的是美国人赫鲁特，他主张其中两个被告无罪；而德国司法部长亚林克竟对此事保持沉默，但检查官罗森上校却激烈的指责被告，因此三个人展开激烈的辩论。审讯继续进行下去。而美国的高级官员们希望能在审判中获提德国所犯罪行的良好证明，因此对审判施以极大的压力，但赫鲁特坚守法律的正义立场，给予了最公正的判决。在宣布判决结果时，只有亚林对赫鲁特审判长的态度表示赞赏。这部电影是社会派制作人斯坦利．克雷默将赫鲁特审判长的回忆录搬上银幕，拍摄而成的，以突出的演技来表现伦理与伦理间的纠缠关系。此片获得最佳男主角金像奖及最佳改编剧本奖。
房间,2015,2015-10-16,"剧情,惊悚",118,80,英语,爱玛·多诺霍,伦尼·阿伯拉罕森,Love knows no boundaries.,影片讲述了五岁男孩杰克的非凡故事。他性格活泼，由挚爱且无私的母亲悉心照料。如同所有伟大的母亲，妈妈倾尽全力守护杰克的快乐与安全，以温暖和慈爱哺育他，陪他游戏、讲故事，践行着平凡母子间的日常。然而，他们的生活却远非寻常——二人被困于一个仅十英尺乘十英尺、被母亲委婉称为“房间”的封闭空间。妈妈在“房间”里为杰克构筑了完整的天地，并拼尽一切确保即使在这险恶环境中，杰克仍能度过充实而有意义的人生。但随着杰克对处境的好奇日渐增长，妈妈的坚韧也逼近极限，他们策划了一场危险的逃脱计划。最终，二人不得不直面可能比囚禁更令人畏惧的存在：现实世界。[A24]
老爷车,2008,2008-12-12,剧情,116,80,英语,尼克·申克,克林特·伊斯特伍德,从我的草坪上滚开。,曾参加过朝鲜战争的福特车厂退休老工人沃尔特•科瓦尔斯基（克林特•伊斯特伍德 Clint Eastwood 饰）在妻子去世后独自居住在密歇根州小城的低收入亚洲移民区。邻居是个苗族大家庭，其中一对兄妹引起了沃尔特的注意。姐姐苏（安蕾•荷 Ahney Her 饰）幽默善谈，逐步与固执又有点种族主义的老沃尔特成为了朋友；沉默寡言的弟弟涛（比•王 Bee Vang 饰）则被自己的远房表兄强迫加入当地的苗族黑帮，第一次行动就被指派去偷沃尔特视为珍宝的1972年福特老爷车。偷车不成，涛被家人强迫，给沃尔特打工赎罪，却没曾想与沃尔特建立了深厚的友谊。而当地的苗族帮派却不肯就此罢手，为了苏与涛的安全和社区的安宁，老战士沃尔特该如何行动呢？
杀死一只知更鸟,1962,1962-12-25,剧情,129,80,英语,罗伯特·穆里根,哈珀·李,A father must expose his children to a small town's outraged passions… and can only protect them with his love.,在美国大萧条时期的南方，律师阿提克斯·芬奇为一名遭受不公正强奸指控的黑人男子辩护，同时亦保护着自己的孩子免受偏见侵蚀。影片通过孩子们的眼睛，见证父亲如何在充满种族偏见的法庭与社会中坚守正义与良知，成为一部关于勇气、尊严与成长的永恒经典。该片改编自哈珀·李的同名普利策奖小说，深刻影响了数代人对平等与公正的理解。
海洋之歌,2014,2016-08-12,"家庭,动画,奇幻",94,80,英语,汤姆·摩尔,威尔·柯林斯,让海之歌摇曳你的心弦...,本和他的小妹妹西尔莎——最后一位“海豹童”，踏上了一段穿越古老传说与魔法逐渐消失世界的奇幻旅程，只为重返他们海边的家园。
无人知晓,2004,2004-08-07,剧情,141,80,日语,是枝裕和,,妈妈真的抛弃我们了吗？,新搬来公寓的这家人是母亲惠子带着四个孩子：明、京子、茂、雪。但母亲却得对周围的人们撒谎说丈夫去海外工作，自己与长子两个人在一起生活。事实是其它三名弟妹是“黑孩子”，因为四个孩子有着各自不同的父亲。他们一直呆在家中，没有去学校上学。
唯一的家园,2024,2025-06-16,纪录,92,80,阿拉伯语,Basel Adra,Hamdan Ballal,简介,来自约旦河西岸马萨费尔亚塔的年轻巴勒斯坦活动家巴塞尔·阿德拉，自幼便为反抗以色列占领军对其社群的大规模驱逐而抗争。他持续记录家乡村落遭蚕食消亡的过程：以色列政府派遣的士兵逐步拆毁房屋，驱离居民。某个时刻，他结识了以色列记者尤瓦尔，后者支持他的抗争行动。一段看似不可能的同盟由此建立。但两人关系因彼此处境的巨大不平等而日益紧张：巴塞尔生活在军事占领下，尤瓦尔却享有自由无拘的生活。这部由四位年轻活动家组成的巴以集体创作的电影，是一次在追寻更大程度公正道路上的创作性抵抗。[柏林电影节]
1917,2019,2020-08-07,"战争,历史,剧情",119,80,"$100,000,000.00",萨姆·门德斯,克里斯蒂·威尔逊-凯恩斯,一镜到底 身临其战,1917 年，第一次世界大战进入最激烈之际，两个年仅 16 岁的英国士兵接到的命令，需立即赶往死亡前线，向那里的将军传达一个“立刻停止进攻”讯息。 时间只有八小时，武器弹药有限，无人知晓前方敌况：死亡寂静之地、布满尸体的铁丝网、突入其来的敌军、随时毙命的危险境况……这一次两个少年为救 1600 个人的性命，不完成，毋宁死！
与我为邻,2018,2018-06-29,纪录,95,80,英语,Morgan Neville,,A little kindness makes a world of difference.,本片近距离审视了美国最受欢迎的邻居：弗雷德·罗杰斯先生。这部情感真挚而动人的电影，为我们呈现了一位我们自以为熟悉的人物形象，带领我们超越他那件标志性的拉链毛衣与幻想国度，走进一位富有创造力的天才的内心——他以悲悯与无限的想象力，启迪了一代又一代的孩子。
至爱梵高·星空之谜,2017,2017-10-06,"动画,剧情,历史",95,80,英语,DK 韦尔什曼,休·韦尔奇曼,"The truth is, we cannot speak other than by our paintings.",2015年是梵高的125年诞辰，为了纪念梵高，英国著名的电影工作室BreakThru Films(曾获得奥斯卡奖)和Trademark Films从2012年开始筹拍一部名叫《Loving Vincent》的动画电影，通过动画师手绘的120幅梵高画作，试图探索梵高的精神世界与死亡之谜。
纸人,2012,2012-11-02,"动画,家庭,爱情,喜剧,奇幻",7,80,英语,John Kahrs,Clio Chiang,第85届奥斯卡金像奖最佳动画短片,《Paperman》由前皮克斯员工，首次做导演的John Kahrs拍摄。影片结合了手绘动画和CG电脑动画，并获得第85届奥斯卡最佳动画短片奖。故事发生在20世纪90年代的纽约，一天早晨，一个在上班途中的男人无意间在地铁站偶遇一名美丽女子，女子意外地在男人的文件上留下一个鲜红唇印。唇印和女子一起深深地印在了男人的心里。本以为这只是一面之缘，但无精打采的男人很快发现这个美丽的女子竟然出现在他办公室街对面的那幢大楼里。女子随时会离开，男人知道必须做点什么引起女子的注意。办公桌上的一摞纸突然让他有感而发，男人开始了吸引对面女子注意力的努力。 凭借一颗真心，和想留住女子的决心，男人最终会不会成功引起对方的注意？他究竟使用了什么方式呢？
玩具总动员,1995,1995-11-22,"家庭,喜剧,动画,冒险",81,80,英语,约翰·拉塞特,乔斯·韦登,坚持下去 喜剧将无限延伸,在胡迪的带领下，安迪的玩具们一直在他的房间里快乐地生活着，直到安迪的生日将巴斯光年带入这个大家庭。由于害怕自己在安迪心中的地位被取代，胡迪对这位新成员心存忌惮并密谋排挤。然而当各种意外将巴斯和胡迪与主人分离后，这对冤家逐渐学会了搁置分歧、携手共渡难关。[皮克斯]
真人快打2,2026,2026-05-08,"动作,奇幻,冒险",116,80,英语,西蒙·麦奎德,杰瑞米·斯莱特,致命终局战，热血鉴真章,过气好莱坞演员强尼·凯奇（卡尔·厄本 饰）被意外选中，加入一场决定地球命运的真人快打。吉塔娜（阿德莱恩·鲁道夫 饰）、刀锋索尼娅（杰西卡·麦克娜美 饰）、卡诺（约什·劳森 饰）、刘康（林路迪 饰）、贾克斯（麦卡德·布鲁克斯 饰）、尚宗（黄经汉 饰）、雷电（浅野忠信 饰）、避寒（乔·塔斯利姆 饰）、蝎子（真田广之 饰）等角色也将各显身手，开启血浆狂飙的格斗厮杀。
模仿游戏,2014,2015-07-21,"历史,剧情,惊悚,战争",113,80,英语,莫腾·泰杜姆,格拉汉姆·摩尔,The true enigma was the man who cracked the code.,根据Andrew Hodges所写的传记《艾伦·图灵》（Alan Turing: The Enigma）改编。艾伦·图灵是英国数学家、逻辑学家，二战中曾协助军方破解德国的著名密码系统Enigma，对盟军取得了二战的胜利有一定的帮助。图灵对于人工智能的发展有诸多贡献，著名的图灵机模型为现代计算机的逻辑工作方式奠定了基础。图灵是著名的同性恋之一，并因为其同性恋倾向而遭到迫害，使得他的职业生涯尽毁。1952年，他的同性伴侣协同一名同谋一起闯进了图灵的房子实施盗窃。图灵为此而报警。但是警方的调查结果使得他被控以“明显的猥亵和性颠倒行为”。他没有申辩，并被定罪。在著名的公审后，他被给予了两个选择：坐牢或荷尔蒙疗法。他选择了荷尔蒙注射，并持续了一年。在这段时间里，药物产生了包括乳房不断发育的副作用。1954年，图灵因食用浸过氰化物溶液的苹果死亡。很多人相信他是自杀。但是他的母亲极力争论他的死是意外，因为他在实验室里不小心堆放了很多化学物品。
乔乔的异想世界,2019,2020-07-31,"喜剧,战争,剧情",108,80,英语,塔伊加·维迪提,克里斯汀·卢恩斯,An anti-hate satire.,二战时期，男孩乔乔(戴维斯)和母亲(斯嘉丽)生活在纳粹德国统治下，他不知道母亲在家中藏着一个犹太女孩(麦肯齐)，而母亲秘密为抵抗军工作。乔乔渴望加入希特勒青年团，他脑内出了一个颠覆版的希特勒，这个希特勒有魅力、傻傻的、天真可爱，是他的朋友，帮助他应付生活中的困境。
如纸人生,2021,2021-03-12,剧情,96,80,土耳其语,Can Ulkay,Ercan Mehmet Erdem,简介,讲述伊斯坦布尔的一个贫穷老街区，有一位受人爱戴的家伙，迈赫·迈特，他经营着这个街区的废物仓库，同时，他也会帮助身边每一个需要帮助的人，特别是无家可归的儿童，因为他就是其中一个。一天，迈赫·迈特偶遇一个8岁的男孩，出现在他最好伴侣冈萨雷斯的废纸袋里。此时他的心里有想和父母团聚的冲动，但是他没意识到已经对这个孩子产生了依恋。
地球上的星星,2007,2007-12-21,剧情,162,80,印地语,阿莫尔·古普特,阿米尔·汗,Every child is special.,对于8岁的男孩伊夏 来说，世界是充满了惊奇和快乐的万花筒，他正在用一切他能够想到的方式和这个陌生的世界进行着交流，同时也充分的享受着大地万物慷慨的赠与。可是，这样的伊夏却是成年人眼中的问题儿童，他的成绩不好，在班上的排名靠后， 脑子里还充满了各种匪夷所思的鬼点子，在又一次闯下大祸后，忍无可忍的父母将他送往了寄宿学校...
变形金刚：起源,2024,2024-09-27,"动画,科幻,冒险,家庭",104,80,英语,加布里埃尔·法拉利,安德鲁·巴勒,见证起源,影片将时间线拨回赛博坦时期，生活在赛博坦星球的擎天柱（克里斯·海姆斯沃斯 Chris Hemsworth 配音）与威震天（布莱恩·泰里·亨利 Brian Tyree Henry 配音）才20岁出头，是情同手足的朋友，此时他们还是没有变形能力的机器人，讲述他们如何从手足变为死敌的起源故事。
红菱艳,1948,1948-09-06,"剧情,爱情",133,80,英语,埃默里克·普雷斯伯格,迈克尔·鲍威尔,她跳了，她必须跳下去……在她两个挚爱之间！,本片的女主角佩姬是爱舞如命的人。当舞蹈团团莱蒙托夫问她为什么要跳舞时，她的回答是：“就像你为什么活着”。她把自己生命的激情倾注在芭蕾舞剧《红菱艳》的排练之中，结果她的演出大为成功。后来她和作曲家朱利安坠入情网。于是她陷入了爱情与事业的冲突之中，莱蒙托夫认为：”没有一位伟大的舞蹈演员可以去享受常人的爱情“。但是他说服不了佩姬。佩姬离开了舞蹈团并结了婚。但是后来一种强大的诱惑使佩姬决心重返舞台，致使朱利安拂袖而去。走上舞台之后，佩姬忽然想到那个穿红舞鞋跳到生命终点的姑娘，感到不寒而栗，她感到不能失去爱情和丈夫。她猛地冲出剧院去追赶即将离去的丈夫，结果被迎面而来的火车轧死……
猫鼠游戏,2002,2003-04-11,"剧情,犯罪",141,80,英语,史蒂文·斯皮尔伯格,杰夫·内桑森,瞒天过海 逍遥法外 天网恢恢 疏而不漏,弗兰克（莱昂纳多·迪卡普里奥 Leonardo DiCaprio饰）是FBI有史以来年龄最小的通缉犯。他的犯罪手段神通广大，伪装身份的能力超乎常人，全美各地几乎都留下他的犯罪足迹。乔装医生、律师、飞行员，统统都是他曾经的身份。当然，弗兰克凭着这个“本领”，骗取了高达几百万的金额。活得逍遥快乐的弗兰克这次又成功伪造了一份学历证明，去医院做起了大夫。弗兰克不但在这里认识了护士布雷达（艾米·亚当斯 Amy Adams饰），二人擦出爱火花，还通过布雷达的父亲得到了一份检察官助理的优差。然而，这只是暴风雨前夕——一双眼睛已经盯住了弗兰克，誓要把他绳之于法不可。这就是FBI探员卡尔（汤姆·汉克斯 Tom Hanks饰）。在研究追捕弗兰克的过程中，卡尔领教到这个犯罪天才的过人智商。他屡次被弗兰克这个黄毛小子捉弄，心里又恨又不得不佩服。每当弗兰克有惊无险地从他的精心布局中逃脱时，这个猫鼠游戏显得有趣起来……
黑神驹,2020,2020-11-27,剧情,110,80,英语,Ashley Avis,Anna Sewell,Find your way home.,影片由阿什利·阿维斯自编自导，故事基于安娜·休厄尔1877年完成的同名畅销小说改编。原小说以“黑神驹”的视角进行第一人称表达，描绘出一部属于“黑神驹”的自传体回忆录。影片将着重描绘17岁女孩乔(弗依饰)与“黑神驹”(温斯莱特配音)间深厚的情感纽带，是“黑神驹”使乔走出了父母离世的精神创伤。
宾果：晨光之王,2017,2017-08-24,"喜剧,剧情",113,80,葡萄牙语,Daniel Rezende,Luiz Bolognesi,Clowning around can cost your soul,电影改编自真实事件，讲述的是一个带着面具的男人背后的故事。奥古斯托(Vladimir Brichta饰)是位在聚光灯下找寻立足之处的艺术家，踏上了母亲的艺术道路。他的母亲是位活跃在50年代的舞台艺术家。不遗余力地寻求观众的掌声，他找到了赢得观众喜爱的机会，就是成为了80年代的儿童节目最受欢迎的小丑电视主持人。  　　换上小丑装后，奥古斯托获得了史无前例的成功。但由于合同条款禁止他泄露自己的真实身份，他成了一个匿名的名人。奥古斯托变成了带给全国儿童欢乐的小丑，但却没有给自己儿子加布里埃尔（Cauã Martins饰）带来快乐。在儿子加布里埃尔眼里，父亲是个追求名气疏远自己的人。全片充满幽默和讽刺，夸张地展现了80年代巴西电视后台世界。该片讲述了一个男人找寻自己艺术价值的超现实故事以及他人格的堕落。
天气之子,2019,2019-11-01,"动画,剧情,奇幻,爱情",111,80,日语,新海诚,,这是只有我和她知道的，关于世界秘密的故事,影片发生在天气错乱、阴雨连绵的时代。离家出走、独自上京闯荡的少年森岛帆高，遇到了同样生存艰难的少女天野阳菜。两人在大城市中相互依赖，并萌生情愫。拥有超能力的“100%晴天女孩”阳菜，为了重现晴天而离奇失踪。但对于帆高而言，哪怕与世界为敌，他也一定要找回阳菜。
谜一样的双眼,2009,2009-09-25,"悬疑,惊悚,剧情",129,80,西班牙语,胡安·何塞·坎帕内利亚,爱德华多·萨切里,An unsolved crime. A love story. An unwritten ending.,本杰明·艾斯玻希多（里卡杜·达林 Ricardo Darín 饰）是一名退休的检察官，几十年的司法工作经验让他积攒下诸多素材，而多年前一起奸杀案始终让他念念不忘，他希望将其付梓出版，了却心愿。25年前，23岁的美丽女教师莉莉安娜·科洛托（Carla Quevedo 饰）和银行职员里杜卡·莫拉莱斯（帕博罗·拉格 Pablo Rago 饰）相识相恋，然而就在两人已谈婚论嫁之际，莉莉安娜在公寓被人残忍强暴并杀害。是时司法腐败，为求尽快结案，本杰明的同事甚至随便找个外来移民顶罪。也许是为莉莉安娜死亡现场所震撼，本杰明执着地展开调查，从此卷入这桩扑朔迷离的爱恨疑案之中……本片荣获2010年第82届奥斯卡金像奖最佳外语片奖；2009年哈瓦那电影节观众奖、最佳男主角奖（Ricardo Darín）、最佳导演奖、最佳音乐奖、评审团特别奖。
侏罗纪公园,1993,1993-06-11,"冒险,科幻",127,80,英语,迈克尔·克莱顿,史蒂文·斯皮尔伯格,一场跨越六千五百万年的冒险之旅。,哈蒙德立志要建立一个非同寻常的公园：恐龙将是这个公园的主角。他把众多科学家收归旗下，利用琥珀里面困住的远古蚊子体内的血液，提取出恐龙的基因信息，利用这些信息培育繁殖恐龙。结果如愿以偿，他把怒布拉岛建立成了一个恐龙公园，坚信可以从中赚取大钱。然而，科学家们则忧心忡忡。不幸的事情果然发生了。虽然公园有电脑系统管理，但却因为被员工破坏而造成了无法挽救的失控：所有的恐龙逃出了控制区，人们纷纷逃窜却逃不过恐龙的魔爪。恐龙自相残杀，人们亦死难无数，最后幸存者寥寥，只得四人逃出生天。怒布拉岛上空弥漫着恐怖的气息。
黑白魔女库伊拉,2021,2021-06-06,"喜剧,犯罪,剧情",134,80,英语,克雷格·吉勒斯佩,多萝西·史密斯,你好呀 这个残酷的世界,影片改编自道迪·史密斯的小说，故事设定在20世纪70年代朋克摇滚革命时期的伦敦，讲述了一个名叫黛伊拉（艾玛·斯通 饰）的年轻骗子的故事。黛伊拉是一个聪明又有创意的女孩，她决心用自己的设计让自己出名。她和一对欣赏她的恶作剧嗜好的小偷交上了朋友，并能够一起在伦敦的街道上建立自己的生活。有一天，黛伊拉的时尚品味吸引了冯·赫尔曼男爵夫人（艾玛·汤普森 饰）的眼球，她是一位时尚界的传奇人物，拥有毁灭性的时尚和可怕的高雅，但他们的关系引发了一系列事件，导致黛伊拉去拥抱她的邪恶一面，成为了兼具疯狂、时尚和报复心的库伊拉。
我们是贵族,2013,2013-03-28,喜剧,108,80,西班牙语,Gary Alazraki,Adrian Zurita,简介,这部电影讲述的是一位白手起家的有钱人和他三个游手好闲的子女的故事。这三个年轻人都是二十几岁，靠着老爸的钱过着奢侈的生活，因此老爸导演了一场骗局，让孩子们以为自己已经破产，并带着全家人搬到了一个低收入的贫民区。在那里，孩子们必须要做一件他们从未做过的事情：找到真正的工作。在大儿子哈维(Javi)哀叹自己的黑卡（美国运通信用卡）和黑莓手机(BlackBerry)被注销了以后，搞笑的情节随之展开。哈维找到了一份在墨西哥城混乱的大街上开迷你巴士的工作。人如其名的女儿芭比(Barbie)在一家风格粗俗的酒吧找到了一份女招待的工作。当芭比被告知酒吧的员工均分小费后，她呜咽着说：“可是我们又不是在古巴！”最小的儿子对佛教和瑜伽有所涉猎，他成为了最底层的资本家：一名银行柜员，他必须听命于一位性饥渴的女上司。
卡比利亚之夜,1957,1957-10-03,"剧情,喜剧",110,80,意大利语,费德里科·费里尼,恩尼奥·弗拉亚诺,这是一个关于一位被背叛却永不屈服的罗马街头女孩的故事。,妓女卡比利亚一直梦想和自己的爱人过上甜蜜安稳的日子。然而，单纯善良的她在一开始就被男友骗光了钱，并被推入河中，差点丧命。即使遭遇如此羞辱，她还是对爱情充满希望。一次，她在街上偶遇一个刚和女友吵架的男演员，被他邀请 回家过夜。正当她受宠若惊、满心欢喜之际，男演员的女友上门求和，这让卡比利亚再次伤心欲绝。不久，她又在剧场遭遇到一位英俊男子的疯狂追求，起初她有点不自信，但最终还是接受了这位男子的求婚，并变卖所有家产，准备与未婚夫共赴美好新生活。然而，在途中她的未婚夫居然也露出骗子的本性，抢走了她的钱，并差点害死她。一无所有的卡比利亚疯狂痛哭，悲伤欲绝。她独自晃悠在路上，一群活泼的男女从身边经过，他们快乐地边走边唱，欢乐氛围让灰心的卡比利亚受到感染，她的脸上又露出了招牌式的笑容。
重庆森林,1994,1994-07-14,"剧情,喜剧,爱情",103,80,Cantonese,王家卫,,不知道从什么时候开始，在什么东西上面都有个日期。秋刀鱼会过期、肉罐头会过期，连保鲜纸都会过期！我开始怀疑，在这个世界上，还有什么东西是不会过期的？,编号为223的警察失恋后患上失恋综合症，在与金发女杀手擦肩而过又离奇相遇并有了一晚温情后，原本以为包括“爱情”在内的所有东西都有保质期的他意外地迎来心灵的短暂温暖。可是，他们的爱情还是结束了。快餐店新来的女招待阿菲爱上了时常光顾快餐店的编号为633的警察，因拆了他的女友留在快餐店给他的“分手” 信，阿菲知晓了他的心情，偷拿到他的钥匙趁他不在时常潜入他家，一边梦游一边悄悄地改变他的生活，终在被他撞见时令其感受到情感的回归。然而，这才是他们爱情的开始。
杀死比尔,2003,2003-10-10,"动作,犯罪",111,80,英语,昆汀·塔伦蒂诺,乌玛·瑟曼,新娘来了。,这是一部令人眼花缭乱，绝对能带给您感官刺激的动作电影。一个新娘（乌玛•瑟曼Uma Thurman饰）在自己的婚礼上遭到了暗杀，婚礼瞬间变成了一片狼籍的红色。幸运的是，新娘并没有就此消失，而是在四年后苏醒过来，并且接受了高强度的各种各样的武术训练，开始踏上了自己的复仇之路，在世界各地寻找给自己带来灾难的人。当然，她也遇到了许多阻碍。日本杀手（刘玉玲饰）就是其中之一。这场红色的复仇之路究竟伸向何处，又有多曲折呢？
天空之城,1986,1992-05-01,"冒险,奇幻,动画,动作,家庭",125,80,日语,宫崎骏,,邂逅美好,古老帝国拉普达是一座漂浮在空中的巨大的机器岛，传说那里已经无人居住，蕴藏着巨大的财富。因此，无论军方还是海盗，都在找寻着这座传说中的飞行岛。矿工巴鲁这天偶遇拉普达继承人希达，两人一见如故。因为希达身上有找寻拉普达帝国的重要物件飞行石，军方和海盗两帮人马都在追杀希达。巴鲁带着希达一起逃亡，最终都没有逃出军方的手中，希达被军队掳走了。为救朋友，巴鲁只能选择与海盗合作。巴鲁与海盗成功救出了希达，同时，他们也发现了军方的邪恶计划。为了阻止军方邪恶计划的实施，他们和海盗一起踏上了寻找拉普达之旅。
爱你，西蒙,2018,2018-03-16,"喜剧,剧情,爱情",110,80,英语,格里格·伯兰蒂,Becky Albertalli,Everyone deserves a great love story.,每个人都值得拥有一个伟大的爱情故事。但是对一个17岁的高中生「西蒙」来说这一切却是件超复杂的事：第一、没有人知道他是同性恋；第二、他也搞不清楚自己爱上跟他一样有同样困扰的不具名网友到底是何方神圣？？？为了解决这两个大麻烦，西蒙展开一段爆笑又吓人的解答过程，但他没料到的是，最后得到的答案却从此改变了自己的人生。
公民凯恩,1941,1941-05-06,"悬疑,剧情",119,80,英语,奥逊·威尔斯,赫尔曼·雅各布·曼凯维奇,有人称他为英雄……也有人称他为恶棍。,在影史最耀眼的处女作中，时年二十五岁的编导演全才奥逊·威尔斯将有声时代的电影语言熔铸成首部真正意义上的现代电影。影片通过报业巨头查尔斯·福斯特·凯恩（原型为威廉·伦道夫·赫斯特）流星般崛起又骤坠的人生轨迹，不仅淋漓尽致地勾勒出美国式狂傲的经典肖像，更释放出汹涌的风格革新洪流——从拼图式的叙事结构到格雷格·托兰德震撼的深焦摄影——使得本片在穿越代际时光后，始终焕发着令每一代新观众为之震撼的鲜活力量。[标准收藏]
绝境盟约,2023,2023-12-15,"剧情,历史",144,80,西班牙语,J·A·巴亚纳,海梅·马克斯,Based on a remarkable true story.,改编自帕布罗·维尔西（Pablo Vierci）依真实事件撰写而成的小说，背景设定在1972 年，讲述了乌拉圭空军 571 班机将一支橄榄球队送往智利途中，在安第斯山脉的冰川上坠机。45 名乘客中只有 29 人在事故中幸存下来，在身处世界上最恶劣的环境之一，他们被迫采取极端方式求生。
猎鹿人,1978,1978-12-08,"剧情,战争",183,80,英语,迈克尔·西米诺,Deric Washburn,One of the most important and powerful films of all time!,本片追踪了一群钢铁工人伙伴——从宾夕法尼亚州的熔炉到阿勒格尼山脉清凉的猎场，再到越南致命的战争熔炉。罗伯特·德尼罗出色地饰演了迈克尔，这群人天生的领袖。本片是一部关于友谊与勇气的灼热戏剧——以及在艰难困苦中这些品质将经历怎样的考验。[环球影业]
淘金记,1925,2025-06-26,"冒险,喜剧,剧情",95,80,英语,查理·卓别林,,全球最令人捧腹的爆笑大片！,查理·卓别林的喜剧杰作——描绘了在克朗代克追寻财富的淘金者与浪漫邂逅（美丽的乔治亚·海尔）的故事——永远奠定了卓别林及其“流浪汉”形象的标志性地位。影片部分取景于内华达山脉，包含“面包卷之舞”与“煮皮鞋大餐”等传世笑料，本片是一部令人暖心欢笑的永恒之作。此特别版收录了卓别林最终修订的1942年版本（导演为此版添加了新配乐与旁白），以及全新修复的1925年原始默片。[标准收藏]
爱在黎明破晓前,1995,1995-01-27,"剧情,爱情",105,80,英语,理查德·林克莱特,金·克里桑,你一生中最浪漫的时刻只能在黎明前结束吗？,美国青年杰西（伊桑·霍克 饰）在火车上偶遇了法国女学生塞琳娜（朱莉·德尔佩 饰），两人在火车上交谈甚欢。当火车到达维也纳时，杰西盛情邀请塞琳娜一起在维也纳游览一番，即使杰西翌日便要坐飞机离开。与杰西一见钟情的塞琳娜接受了杰西的邀请。
异形2,1986,1986-07-18,"动作,惊悚,科幻",154,80,英语,詹姆斯·卡梅隆,丹·欧班农,这次是战争。,在这部承接《异形》剧情的动作续集中，西格妮·韦弗回归饰演蕾普莉——人类首次遭遇异形怪物后的唯一幸存者。她关于异形及其船员命运的陈述起初备受质疑，直到LV-426殖民星球上的居民神秘失踪，促使她加入一支奉命前往调查的高科技殖民陆战队。
心跳瞬间,2017,2017-06-01,"动画,喜剧,爱情",4,80,英语,Beth David,Esteban Bravo,The heart wants what the heart wants.,宁静祥和的校园，红色卷发男孩仓皇跑进画面中，他手足无措，钻入草丛。稍后才发现，原来他看到了自己心爱之人——一个有着黑色头发的男孩。黑发男孩左手拿着一本书在阅读，右手淡定自若抛着苹果，阳光下的他英俊帅气。红发男孩躲在树后，一脸的痴迷与神往。他不小心弄出了声响，连忙藏在树后，躁动的心则砰砰直跳。难以置信的是，他那颗痴迷的心竟然跳脱体外，直直朝着心上人儿飞去。红发男孩羞臊无比，他追了上去，想方设法要阻止满怀爱意的心，他多么怕遭到对方的拒绝啊！怕得要命！
西北偏北,1959,2009-06-16,"惊悚,冒险",137,80,英语,阿尔弗雷德·希区柯克,恩斯特·莱赫曼,这是一场致命的“抓人游戏”，而加里·格兰特就是那个“被抓的人”！,一位时运不济的纽约广告主管被外国间谍误认为政府特工，为寻求生路被迫展开横跨美国的逃亡之旅。
史酷比！亲吻乐团收妖记,2015,2015-07-09,"家庭,动画,喜剧,悬疑",79,80,英语,Kevin Shinick,Spike Brandt,简介,史酷比和朋友们以及史上最富有传奇色彩的摇滚乐队之一的亲吻乐团即将在这个全新的世界展开惊心动魄的大冒险！史酷比一行人进入了属于亲吻乐团的主题公园，这个主题公园以惊悚恐怖元素为主，让游人感受不一样的鬼屋之旅。然而他们在公园里发现了一系列奇怪的事情，在亲吻乐团的帮助下，他们了解到全身深红色的女巫企图从另一个平行宇宙中召唤可怕的黑暗力量用来摧毁地球，幸运的是邪恶又可怕的计划被史酷比他们的到来彻底打乱了。但是史酷比一行人以及亲吻乐团能否成功拯救地球呢？
三个男人一只脚,1997,1997-12-27,喜剧,100,80,意大利语,Giovanni Storti,Aldo Baglio,"WANTED: A Leg, Dead or Alive",三个有姻亲关系的男人阿多，阿尼和阿莫同时为脾气暴躁，性格独断的岳父做事。阿多和阿尼以结婚数年，阿莫则将与三姐妹中最小的妹妹结婚。  　　某天，岳父要他们三个从米兰运送一位美国雕塑家的作品：一条腿到南部老家，送抵时刚好举行阿莫与小女儿的婚礼。炎炎夏日里，三个男人便带着这条价值不斐的腿与岳父心爱的狗一路南下。  　　这三个性格不同却具阿Q精神的男人，就在吵闹妥协中一路往南，旅途中遭遇一连串事件。弄丢了狗，搞掉了腿，还遇上一位美丽的女孩，女孩丰富了他们的旅程，却也和即将结婚的阿莫发生感情。行程一再拖延，暴躁的岳父不断的以大哥大吹促，三个男人只能害怕的拼命撒谎，和企图弥补。  　　岳父，婚礼在等着他们，而他们却在旅程中发现生活的新意义，他们要如何结束这趟旅程呢？
飞屋环游记,2009,2009-08-04,"动画,喜剧,家庭,冒险",96,80,英语,皮特·多克特,鲍勃·彼得森,与你一起 展翼高飞,小男孩卡尔（Carl Fredricksen）怀揣着对于冒险的热爱偶遇假小子艾丽（Ellie），而艾丽把整个屋子当成一艘大飞船游戏居然使他对这个女孩子有些着迷，相同的爱好最终使两个人成为了一生的爱侣。他们有一个梦想，那就是有朝一日要去南美洲的“仙境瀑布”探险，但直到艾丽去世，这个梦想也未能实现。终于有一天，曾经专卖气球的老人卡尔居然用五颜六色的气球拽着他的房子飞上了天空，他决定要去实现他们未曾实现的梦想。令卡尔始料不及的是，门廊居然搭上了一个自称是“荒野开拓者”的小男孩小罗（Russell），小罗的喋喋不休让卡尔对这个小胖墩格外讨厌。一老一少在飞行中经过了千难万险终于看到了传说中的“仙境瀑布”，在相处过程中卡尔发现小罗其实是个惹人怜爱的孩子。在步行穿越一座森林时，他们遇到了不会飞的大鸟凯文（Kevin）和一只会说话的狗狗逗逗（Dug），让老人惊讶的是他们还遇到了他少年的崇拜偶像——探险家查尔斯·蒙兹（Charles Muntz），而且他发现蒙兹居然是一个为达目的不择手段的坏人。这时，老人离自己的梦想之地只有一步之遥…
钢铁巨人,1999,1999-08-06,"动画,剧情,家庭,科幻",86,80,英语,布拉德·伯德,蒂姆·麦肯利斯,它来自外太空！,1950年代，一个巨型金属机器坠落在缅因州，令镇民惊恐。然而，这个机器人却与名叫霍加斯的九岁男孩成为了朋友。男孩必须保护它，使其免受镇民的偏见以及一心要摧毁机器人的政府特工的威胁。
木乃伊,2026,2026-04-17,"恐怖,悬疑",133,80,英语,李·克洛宁,,What happened to Katie?,讲述一位记者的年幼女儿在沙漠中神秘失踪并音讯全无。八年后，当她突然出现在家人面前时，这个早已破碎的家庭震惊不已；原本应该是重逢的喜悦，却逐渐演变成一场活生生的恶梦。
圣女贞德蒙难记,1928,1928-10-25,"剧情,历史",110,80,法语,卡尔·西奥多·德莱叶,Joseph Delteil,一部永垂不朽的银幕经典！,灵性的狂喜与体制的伪善，在这部默片时代最超然的杰作之一中，以极为鲜明生动的方式呈现出来。影片记录了圣女贞德受审直至被处决前最后时日的历程，丹麦电影大师卡尔·西奥多·德莱叶以惊人的临场感刻画了她的煎熬。他运用一系列电影技法——表现主义打光、相互连通的布景、令人心碎的特写镜头——将观众浸入她的主观体验之中。奠定德莱叶此番大胆形式探索的，是蕾妮·法尔康内蒂传奇般的表演：她那受尽煎熬的面容，同时传递出殉道的痛苦与狂喜。
秋日奏鸣曲,1978,1978-10-08,"剧情,音乐",93,80,瑞典语,英格玛·伯格曼,,简介,夏洛特（英格丽褒曼）是某乐团杰出的钢琴演奏员，她的女儿伊娃（丽芙乌尔曼）是一名在农村社区工作的牧师的妻子，两人之间有一道深深的感情鸿沟，七年来不曾有过任何交流。  丈夫去世后，夏洛特主动打破沉默来看望伊娃，两人都试着友好相处，却不免又将往事重提。伊娃怨恨夏洛特没在她童年时给予她足够的爱护，只把重心放在自己的事业和另一个有高度残疾、只能发不清晰的音来与人交流的女儿海琳（莱娜尼曼）身上。而夏洛特因为海琳与伊娃住在一起，加上丈夫的去世给自己造成很大打击，也是心情闷闷紧锁眉头。
猜火车,1996,1996-02-23,"剧情,犯罪",94,80,英语,丹尼·博伊尔,欧文·威尔士,Choose life.,如一剂直击1990年代英国电影心脏的肾上腺素，这部改编自欧文·威尔士小说的黑色幽默作品，是导演丹尼·博伊尔、制片人安德鲁·麦克唐纳与编剧约翰·霍奇的重要突破。凭借通电般的能量与风格化的胆识，本片跃动穿梭于苏格兰海洛因成瘾者马克·雷顿（伊万·麦克格雷格 饰）的生活与时代——他与一群格格不入的伙伴一起，时而沉溺毒海，时而惹上麻烦，时而尝试清醒，时而又重蹈覆辙，一切只为逃离现代生存的平庸。影片以电子乐、摇滚与英伦流行金曲组成的标志性原声带为节奏，进行着动态剪辑，这部独立电影现象之作，选择了生命全部丑陋、美丽、骇人又振奋的面貌。[标准收藏]
海豚湾,2009,2009-07-31,纪录,92,80,英语,路易·西霍尤斯,马克·门罗,Shallow Water. Deep Secret.,在这部扣人心弦的生态惊悚片中，一支由潜水员、活动家与特效专家组成的精英团队潜入日本一处秘密海湾，旨在揭露历史上最触目惊心且超乎想象的反自然罪行之一。[Roadside Attractions]
波西米亚狂想曲,2018,2019-03-22,"音乐,剧情",131,80,英语,安东尼·麦卡滕,布莱恩·辛格,Fearless lives forever.,本片是对皇后乐队、传奇主唱弗雷迪·莫库里以及他们音乐的致敬盛宴，这是一段充满爱、痛苦、接纳和音乐的旅程。弗雷迪·莫库里曾是希思罗机场的一名普通搬运工，对音乐满腔热血的他，与布莱恩·梅、罗杰·泰勒、约 翰·迪肯组成皇后乐队。这个殿堂级乐队的从无到有，从疏离到重聚，从低谷到巅峰，仿佛就是弗雷迪一生的缩影。
特写,1990,1990-05-09,"犯罪,剧情",98,80,波斯语,阿巴斯·基亚罗斯塔米,,基于真实事件、真实地点和真实人物参与的实际情况。,国际影坛备受尊崇的伊朗导演阿巴斯·基亚罗斯塔米，在过去三十年间创造了最具独创性与超越性的电影诗篇，而本片正是他最大胆、最杰出的作品。这部纪实与虚构交融的杰作，以一桩轰动社会的真实事件——青年因冒充著名导演莫森·玛克玛尔巴夫涉嫌欺诈被捕——为基底，展开一场对电影本质、身份认同、艺术创造与生命存在的震撼的多维度审视。案件中所有真实人物在片中扮演自身，使得影片以其普世主题与迷人的叙事迷宫，引发了全球观众超越地域与文化的深切共情。[标准收藏]
碧血金沙,1948,1948-01-15,"冒险,剧情,西部",126,80,英语,约翰·休斯顿,B·特拉文,他们离宝藏越近，离法律的束缚就越远。,在墨西哥谋生的两名美国人弗雷德·多布斯与鲍勃·柯廷，说服一位老淘金客带领他们前往马德雷山脉挖掘金矿。
镜子,1975,1975-03-07,"剧情,历史",108,80,俄语,安德烈·塔可夫斯基,Aleksandr Misharin,简介,安德烈·塔可夫斯基（《潜行者》导演）这部对20世纪俄国历史的深沉沉思，是一次穿越时光与记忆回廊的幽微之旅——它既是影像谱写的诗篇，亦是半梦半醒的幻象，更是一部电影作品。在由不同胶片与新闻素材交织而成的丰富拼贴中，一位垂死诗人的回忆在我们眼前闪现，他的梦境与童年场景、战时岁月、婚姻生活交融，皆浸透着催眠般的神秘力量。因叙事结构隐晦，影片上映之初曾遭苏联评论界普遍冷遇，但此后它已跻身导演最著名、最具影响力的作品之列，成为一位艺术家将内心深处思绪与情感自精神直抵银幕的惊人个人宣言。[标准收藏]
第六感,1999,1999-08-06,"悬疑,惊悚,剧情",103,80,英语,M·奈特·沙马兰,,不是每一份礼物都是祝福。,麦克（布鲁斯·威利斯 饰）是著名儿童心理学家，却也有始终未能治愈的患者，甚至因此遭到枪杀，这名少年随后也饮枪自毙。这给麦克带来很大心理阴影，一年后他找到另一个症状很像这名患者的男孩柯尔（海利·乔·奥斯蒙 饰），并耐心的做起了他的医生。柯尔并不容易接近，但麦克还是慢慢赢得 了他的信任，得知了柯尔的秘密。原来柯尔有着灵异的第六感，可以看到鬼魂。虽然这令人感到难以置信，但麦克在证实了事情的真相后还是帮助柯尔接受了这个事实。  　　可是就在问题即将得到解决的时候，麦克却在柯尔的引导下，发现了一个更令人震惊的秘密……
百万美元宝贝,2004,2004-12-15,剧情,132,80,英语,克林特·伊斯特伍德,保罗·哈吉斯,沉默之外，是过往。梦想之外，是悸动。希望之外，是回忆。旅途之外，是挚爱。,两名退休拳击手在洛杉矶经营一家拳馆，当一位怀揣拳击梦想的女性突然出现、渴望登上拳台时，他们的平静生活就此被打破。
自由之声,2023,2023-07-04,"动作,剧情",131,80,英语,Alejandro Monteverde,Rod Barr,Fight for the light. Silence the darkness.,联邦探员蒂姆·巴拉德在把一个小男孩从残忍的儿童拐卖犯罪中解救出来之后，得知男孩的姐姐同样被拐，他决定冒险前去营救，但政府无法派兵到他国领土救援。时间紧迫，蒂姆辞去工作，深入哥伦比亚丛林以身犯险，誓要把女孩从生不如死的命运中解救出来。
一一,2000,2017-07-28,剧情,173,80,-,杨德昌,,我们从未重复度过同一天。,已故台湾电影大师杨德昌执导的非凡之作，在国际上广受赞誉。影片以一场婚礼开始，以一场葬礼结束，跟随台北一个中产阶级家庭度过了一年的时光。无论是记述中年父亲NJ与旧情人试探性的情感波动，还是早熟的小儿子洋洋用他心爱的相机试图捕捉现实的努力，导演都以充满慈悲的明晰感，为每一帧精美的画面注入了深意。这部温暖、辽阔而迷人的亲密史诗，无疑是二十一世纪无可争议的杰作之一。
老无所依,2007,2008-06-16,"犯罪,惊悚,西部",122,79,英语,乔尔·科恩,伊桑·科恩,世上没有不留痕迹的逃脱。,1980年的美国德克萨斯州西部，美国与墨西哥交界的格兰德河镇，一穷二白的前越战老兵莱维雷伦·摩斯（乔什·布洛林 饰）在打猎中偶然发现了数具尸体，以及数量庞大的海洛因和用来交易毒品的大量现金。死者都是火拼中死于枪下的黑帮分子。雷伦当即决定把枪战现场留下的毒品交易巨款带回家窝藏。夜里，忐忑不安的雷伦回到交易地点。不想，他的举动给自己招致杀身之祸。至此，黑帮头目派出冷血杀手安东·奇古尔（哈维尔·巴登 饰）、老警长埃德·贝尔（汤米·李·琼斯 饰）、雷伦展开了一场相互追逐的杀戮之旅。
龙珠超：布罗利,2018,2018-12-14,"动作,科幻,动画",100,79,日语,鸟山明,长峰达也,A new adventure to become the strongest begins.,本次剧场版就如同标题《龙珠超 布罗利》所要表达的一样，是关于只在以前的剧场版动画中登场过的布罗利和悟空他们之间的故事。不仅如此，这次的电影还涉及到了动画中没有描写的弗利萨军队与赛亚人之间的历史。  因为在当时的《龙珠Z 燃起来！！热战・烈战・超激战》等剧场版动画中作者鸟山明并没有参与制作过程，就在他差点就要忘记“布罗利”这一角色的时候，从负责人那里听闻了“布罗利”在日本乃至国外的人气都很高这一事情，所以就有了“要不这次的电影就讲述布罗利的故事吧？”这样的想法。而后鸟山明观看了当时的动画电影，在构想一番后有了“这次的故事会相当的有趣”这样的预感，便加入《龙珠超》的设定尝试性地编写了剧本。过程中，为了不让喜欢布罗利的粉丝失望，作者鸟山明在保留了布罗利过去的部分形象的同时，也加入了全新的一面，也使得“布罗利”这一角色更为充满魅力。
死囚越狱,1956,1956-11-11,"剧情,惊悚",101,79,法语,罗伯特·布列松,安德烈·德维尼,罗伯特·布列松的获奖电影。,本片取材于真人真事。故事讲述被判死刑的男主人公弗朗西斯(弗朗索瓦·莱特瑞尔 François Leterrier饰)在临刑前的几个小时内，如何成功越狱地扣人心弦的故事。为逃脱纳粹监狱，弗朗西斯策划了一场天衣无缝的逃亡计划。为确保计划万无一失，他不仅做足越狱准备，还在仅有的洗漱空挡，多次跟隔壁囚室的狱友联络，试图找到共同实施计划的同盟。可还没来得及他准备好一切时，就被判立刻执行死刑。最终他毅然带着年轻的囚犯男孩一起踏上了逃亡之路。极简的叙事结构，单一密闭的监狱空间，分秒必争的紧迫时间，罗伯特·布列松因本片荣获第10届戛纳电影节(1957)最佳导演奖。
风之谷,1984,2003-12-19,"冒险,动画,奇幻",95,79,日语,宫崎骏,,少女的爱恋，唤来了奇迹……,1000年后的枯人们，并不是生活在天堂里，而看上去美丽的景象，其实是危机四伏。在人类自我毁灭的浩劫后，以菌类为主的腐海森林，散发着有毒的气体，逐渐的侵蚀着人类的居住区，而生活在腐海中的王虫群，更是可以在瞬间毁灭辛苦建立起来的新的家园的恐怖生物。疲惫于战争的人群经历了艰难困苦，总算找到个可以暂时安居的地方，那里由于风的力量而没有受到腐海的侵袭，这个美丽的家园就是风之谷。风之谷是个不受腐海波及的地方，人们生活的很快乐，可是有野心的多米吉亚人，不惜发动战争，利用王虫荷母打击风之谷，在一个黑暗艰苦的时期，展开白鸟之翼的娜伍丝嘉，将会面临怎样的危机以及成长，将会怎样对待敌意和战争，最重要的是，背负着族人的期待，面对着疯狂的王虫，纤弱的身躯，是否能够承担起保护自己家园的重任？
勇敢的心,1995,2017-04-18,"动作,剧情,历史,战争",177,79,英语,梅尔·吉布森,兰道尔·华莱士,每个人都会死，但并非每个人都真正活过,威廉·华莱士童年时，其父、苏格兰民族英雄马索·华莱士在与英军的斗争中牺牲，他开始接受父亲好友的指导，学习苏格兰文化和武术。青年华莱士（梅尔·吉布森 饰）学成回到故乡，向美丽的少女梅伦求婚，不想梅伦被英军抢去且遭杀害。在广大村民“英雄之后”的呼声中，华莱士率众揭竿起义，并与苏格兰贵族罗伯结成联盟，但不久他发现，苏格兰贵族考虑的只是自身的利益。英王为缓和局势，派伊莎贝拉（苏菲·玛索 饰）前去和华莱士谈判，由于英王只想收买华莱士，根本不顾苏格兰人民的自由和平等，谈判失败，但这一切并不为伊莎贝拉所知。伊莎贝拉归国后发现事情真相，且知晓英王正策划阴招，忙送信给华莱士，而两人的爱情，也在战争与阴谋中悄然滋生。
侧耳倾听,1995,1995-07-15,"动画,剧情,家庭",111,79,日语,近藤喜文,宫崎骏,有了喜欢的人。,正在读初三的月岛雯是一个喜欢看书的女孩，她每次都能在借书卡上看到一个叫天泽圣司名字，因此她对这个人充满了好奇。 雯一直喜欢写诗，有一天她跟好友夕子在讨论写诗的事，夕子告诉雯自己收到了情书，但事实上夕子已有了喜欢的人。更没有想到的是，夕子喜欢的杉村喜欢的是雯，雯一时间感到十分困惑。 雯无意中来到了一个小店，原来店主是圣司的爷爷。认识了圣司之后，听到了圣司对自己理想的追求之后，也激发了雯对自己理想的追求之念。当圣司离开了到意大利学习做小提琴时，雯决定要专心写作。当雯完成了作品之后，她发现原来自己高估了自己，就这样她选择继续考高中，这时她非常想念圣司。 一天凌晨，她站到窗边，突然看到了一个熟悉的身影……
机器人之梦,2023,2024-06-08,"动画,剧情,喜剧,科幻",102,79,西班牙语,巴勃罗·贝尔赫,,Experience a once-in-a-lifetime friendship beyond your wildest dreams,一只狗住在曼哈顿，它厌倦了独处。某日，它决定为自己制造一个机器人作伴。它们的友谊日益深厚，随着80年代纽约的节奏，终成彼此不可或缺的存在。一个夏夜，狗怀着巨大的悲伤，被迫将机器人遗弃在海滩。它们还能再相见吗？
爱莉安娜·格兰德：嗨，我爱你,2020,2020-12-21,"音乐,纪录",97,79,英语,保罗·达格代尔,,简介,爱莉安娜·格兰德登上伦敦的舞台，奉上“甜到翻世界巡回演唱会”，并分享了她在排练和巡演中的幕后生活。
宇宙恋曲,2022,2022-10-27,"爱情,剧情,音乐",126,79,葡萄牙语,Diego Freitas,Rod Azevedo,简介,在等待肾脏移植时，年轻的钢琴师与医生建立起意料之外的情谊，并获得了实现音乐梦想的勇气。
盗火线,1995,2026-04-16,"犯罪,剧情,动作",170,79,英语,迈克尔·曼,,他们站在法律两端，却同样为自己的信条而活。,文森特•汉纳是洛杉矶警局重案组的探长，工作积极投入，打击犯罪毫不手软，因此，家庭生活危机重重，目前的第三次婚姻也面临解体；尼尔•麦考利是职业匪徒，混迹江湖多年，做事干净利落，而且心狠手辣，不留后患，组织手下成功抢劫运钞车的案子，使他受到了警方的“特别关注”。一个偶然的机会，尼尔认识了平面设计师伊迪，两人一见钟情，再看到手下都有安定的家庭生活，尼尔也想把握自己的幸福，遂萌生退意。然而，在最后一次抢劫银行的行动中，因为叛徒的出卖，手下一死一伤，本已逃出的尼尔，带着伊迪在去机场的路上，得知了叛徒的消息，他决定替手下报仇，同时也和文森特•汉纳进行最后的较量……
阿基拉,1988,1998-11-30,"动画,科幻,动作",124,79,日语,大友克洋,桥本伊藏,新东京即将爆发！,1988年7月，关东地区使用新型炸弹进行爆破，第三次世界大战即刻爆发。31年后，人类从一片废墟中重建都市，东京湾上建立了巨大城市——新东京。世界仿佛要恢复到以前的繁荣。2019年的一个夜晚，新东京郊外的封闭高速公路上，暴走族团体正在公路上飙车。带头的少年，是一名叫做金田的职业高中学生。突然，街上出现了一位奇怪的矮个男子，暴走族少年铁雄为躲避车祸连人带车飞出公路。正当金田要拿那位男子问罪之时，军队驾驶直升飞机赶到将那位矮个男子与铁雄一起收押。铁雄进入了一个陌生的地方，这里似乎在从事超能力的研究，而金田则在盘算如何营救铁雄。二人都不知道，他们的未来因为神秘力量——阿基拉已经开始了巨大的变化。
小野猫与斗牛犬,2019,2019-01-18,"动画,家庭,剧情",9,79,英语,Rosana Sullivan,,简介,一边是好斗独立的流浪小猫，另一边是凶猛的斗牛犬，两只动物之间看似不可能的联系，让他们与彼此一起，首次经历了友谊。
词语,1955,1955-01-09,剧情,125,79,丹麦语,卡尔·西奥多·德莱叶,卡伊·蒙克,今日传奇。,故事发生在丹麦一个宗教氛围极浓的村子里，农夫波根有三个儿子，大儿子对宗教持怀疑态度，性情叛逆；小儿子居然与不同信仰的女孩谈恋爱，而影片的主角、三兄弟中的老二相信自己就是耶稣，被大家当成疯子，因为本来读神学的他在经历未婚妻离世后打击太大而成疯癫；但有一天老二开始“显灵”，让死人复活，自己的神智也开始恢复。
神迹,2004,2004-05-30,"电视电影,剧情",110,79,英语,Joseph Sargent,Peter Silverman,A breakthrough that changed the face of medicine. A unique partnership that broke the rules.,影片根据真实故事改编，讲述白人医生阿尔佛雷德·布雷拉克（阿伦·瑞克曼 Alan Rickman饰）与黑人合作伙伴维文·托马斯（茅斯·达夫 Mos Def饰）打破种族界限，协力合作开创心脏手术先河，成为心脏外科手术先驱者的故事。医生布雷拉克在事业上雄心勃勃并且眼光独特，他发现了托马斯在医学方面的天赋，开始传授他医学相关的知识。起先托马斯用狗作为实验对象，天分过人的他很快就掌握了医学理论与手术实践上的技艺。他们一起攻克了法洛四联症（又称紫绀婴儿），可他并没有公开托马斯为此做出的贡献。在托马斯因为肤色而遭受不公正待遇的时候，他选择了沉默。
迷墙,1982,1982-07-14,"音乐,剧情",95,79,英语,艾伦·帕克,乔治·罗杰·沃特斯,回忆、疯狂、音乐、电影。,本片用迷幻的影像和摇滚乐讲述了一个非典型乐队主唱的成长史。儿时，平克（鲍勃•吉尔道夫 Bob Geldof 饰）的父亲在二战中身亡，母亲与家庭医生关系暧昧，这让他幼小心灵备受创伤。在学校，他对呆板的填鸭教育深恶痛绝，时刻准备着绝地反击。成年后，他在泡吧时结识了风骚的舞女，并与之发生了关系。然而，性欲的满足感并没有维持太久，他就厌倦了这种不靠谱的感情，特别是他对于女人的怀疑和嫉妒达到了无以复加的地步，因此当对方再度示好投怀送抱的时候，他便歇斯底里地爆发了，仿佛要把全世界都砸碎了才算安心。在此期间，他还表达了强烈的反战情绪和愤世嫉俗的观念，在物质丰富的生活中，他的精神生活极度匮乏，在工业化大行其道的环境里，他还固守着梦想的断壁残垣……
银翼杀手,1982,2016-04-22,"科幻,剧情,惊悚",117,79,英语,雷德利·斯科特,菲利普·K·迪克,人类制造了化身，现在是他的问题了。,在一个科技高度发达却因城市与社会凋敝而黯淡的未来，侦探瑞克·戴克奉命追捕叛逃的凶残复制人，同时被一位神秘女子吸引——她的秘密或许将侵蚀他的灵魂。
热辣奇多的诞生,2023,2023-03-11,"剧情,历史",98,79,英语,伊娃·朗格里亚,Lewis Colick,The flavor you know. The story you don't.,本片讲述了乐事菲多利公司清洁工理查德·蒙塔涅斯的故事。他弘扬墨西哥裔美国人传统，将热辣奇多打造成一种标志性的零食。
记忆中的玛妮,2014,2014-07-19,"动画,剧情,家庭",102,79,日语,米林宏昌,Joan G. Robinson,答应我，我们永远保密。,边远而秀美的北海道札幌市，迎来了刚刚升入初中的12岁少女佐佐木杏奈（高月彩良 配音）。杏奈羞涩内敛，不善言辞，童年的悲伤经历令她深锁内心，与养母赖子（松岛菜菜子配音）有着厚厚的隔膜。暑期到来，为了治疗哮喘，她乘车投奔养母居住在札幌的亲戚大岩夫妇——爱讲鬼故事的清正（寺岛进配音）和心宽体胖的阿节阿姨（根岸季衣 配音）。大岩家坐落于毗邻海边的小村庄，在纯朴自然的环境里，附近湿地中央一栋古旧却散发着独特魅力的西式建筑引起了杏奈的注意。那栋建筑似曾相识，仿佛勾起了心底被时光之尘所层层覆盖的遥远的记忆。杏奈向村里人询问它的来历，却得知那里已经数十年不曾有人居住。在村中祭典的夜晚，杏奈和当地的初中生发生争执。心情低落的她逃离了人群，苦闷而抑郁的她独自登上小船，朝着湿地古屋划去，渴望找到一个无人的场所放声大哭。当船儿离对岸越来越近的时候，古屋内竟然亮起了灯光，接着从里面传来了女孩子的声音。杏奈张皇踉跄地上了岸，站在眼前的竟是一个金发碧眼、身着西式睡衣的美丽少女。她的名字叫玛妮（有村架纯配音），说着一口流利的日语。夜幕下玛妮赤裸着双脚，显得格外楚楚动人。年龄相仿的两个女孩，从一见面就对彼此有了好感，她们很快成为无话不说的好朋友。而就从这一天起，各种奇怪的经历也接连在杏奈的身边发生，穿越时空的舞会、森林中的告白、悬崖的神秘之夜……时间如同曼妙的旋律一般流淌，杏奈度过了如梦如幻的假期。而在这一过程中，她也无意间发现了玛妮的秘密……
安德烈·卢布廖夫,1966,1966-12-16,"剧情,历史",183,79,俄语,安德烈·塔可夫斯基,安德烈·康查洛夫斯基,智慧愈多，忧愁愈深。,15世纪初，鞑靼人的铁蹄践踏着大公割据的俄罗斯大地，黎民百姓在大公的暴政下水深火热，圣像画家安德烈·鲁勃廖夫就生活在这样的年代。在大公的邀请下，鲁勃廖夫前往莫斯科为教堂作画。但在创作的过程中，鲁勃廖夫却对圣像内容产生了巨大的质疑，这种矛盾的心态使他联想到现今俄罗斯民众经 受的磨难与自己为贵族服务的事实，最终，他毅然离开教堂回到了原先的修道院。 不久，鲁勃廖夫被迫再度回到莫斯科进行圣像创作，但这次他却亲临了所有俄罗斯人的苦难。大公的弟弟勾结鞑靼人篡位谋反，弗拉基米尔城的居民被无辜残杀，教堂在战火中摧毁，画家的眼中全是地狱的景象……鲁勃廖夫再次陷入艺术与现实反差的困境，他又回到安德洛尼科夫修道院，将自己完全封闭，拒绝继续作画。 经过多年的反抗征战，鞑靼人的军队终于被赶出俄罗斯的大地。1423年，大公第三次邀请鲁勃廖夫到莫斯科作画，在一个铸钟少年的感染下，鲁勃廖夫最终完成了《三位一体》的传世名作。
新·驯龙高手,2025,2025-06-13,"奇幻,家庭,动作,冒险",126,79,英语,迪恩·德布洛斯,威廉·戴维斯,The legend is real.,小嗝嗝（梅森·泰晤士 Mason Thames 饰 ）偶然间遭遇传说中的夜煞没牙仔，并由此与之建立深厚友谊，进而打破两大族群间的隔阂，携手寻求和平。
Spider-Man: No Way Home,2021,2021-12-17,"动作,冒险,科幻",148,79,"$200,000,000.00",史蒂夫·迪特科,斯坦·李,多元宇宙开启,在费了九牛二虎之力好不容易打败了神秘客之后，蜘蛛侠彼得·帕克（汤姆·赫兰德 Tom Holland 饰）却被濒死之际的神秘客揭露了真实身份。随后主流媒体对超能力者滥用权力造成普通平民生活无数困扰的行为大加挞伐，一时间彼得的生活乱作一团，甚至影响到了MJ（赞达亚 Zendaya 饰）和好朋友内德（雅各布·巴特朗 Jacob Batalon 饰）的生活。备受困扰的彼得找到了奇异博士（本尼迪克特·康伯巴奇 Benedict Cumberbatch 饰），希望对方施展一条能够让世人忘记他真实身份的咒语。谁知乱中出错，这条咒语将其他宇宙中认识彼得·帕克的人陆续带来，其中包括章鱼博士、绿魔、沙人等其他蜘蛛侠的死对头。  　　担心这些“对手”回到各自宇宙后迎来灭亡的命运，彼得决定拯救他们，却无意中带来让他无法承受的因果……
椿三十郎,1962,1962-01-01,"剧情,动作,喜剧",96,79,-,黑泽明,山本周五郎,你剑法不错，但真正的利刃从不轻易出鞘！,三船敏郎以跋扈的姿态与凌厉的咆哮，在黑泽明这部节奏精妙、构图绝伦的影片中演绎出令人叫绝的喜剧效果。作为《用心棒》的诙谐姊妹篇，厌倦世故的武士椿三十郎协助一群天真的年轻武士肃清氏族内部的恶势力，在此过程中彻底颠覆了他们心中“正统”武士的形象。相比前作，此片风格更显内敛却同样酣畅淋漓，这位经典角色的再度登场，本身已是一部独立成章的杰作。[标准收藏]
银河护卫队3,2023,2023-05-05,"科幻,冒险,动作",150,79,英语,詹姆斯·古恩,斯坦·李,奏响最终绝唱 我们是银河护卫队,历经磨难与考验，银河护卫队总算暂时安顿下来。可就在某一天，不速之客亚当术士（威尔·保尔特 Will Poulter 饰）的闯入不仅打破了这里的安宁与祥和，更将一场生死危机带到这群好朋友中间。战斗中，火箭浣熊（布莱德利·库珀 Bradley Cooper 配音）身负重伤，奄奄一息。为了拯救好友的生命，星爵（克里斯·帕拉特 Chris Pratt 饰）和星云（戴夫·巴蒂斯塔 Dave Bautista 饰）、毁灭者（戴夫·巴蒂斯塔 Dave Bautista 饰）、螳螂女（庞·克莱门捷夫 Pom Klementieff 饰）、格鲁特（庞·克莱门捷夫 Pom Klementieff 饰）卡魔拉（佐伊·索尔达娜 Zoe Saldana 饰）前往创造了火箭的地方寻找拯救火箭浣熊的办法。然而在那个诡异的世界，他们意外发现了火箭浣熊不为人知的悲惨过往……
马戏团,1928,1928-01-06,"喜剧,爱情,剧情",72,79,英语,查理·卓别林,,马戏团来啦！,在默片时代的收官之作中，查理·卓别林沉醉于马戏艺术，向启发其精湛滑稽表演的杂技艺人和默剧演员致敬。片中，卓别林饰演的流浪汉被误认为扒手，逃入一个巡回马戏团的表演场，很快成为剧团明星，并爱上了剧团的无鞍骑手。尽管拍摄过程众所周知的坎坷，这部笑料密集的喜剧仍位列卓别林最佳作品之一，归功于其职业生涯中一些最大胆的场面设计——包括与狮子的惊险接触，以及满载猴子走钢丝的高潮段落。本片于1969年经卓别林重新配乐后再次上映，这场喧闹的高空钢丝表演，展现了默片时代最受欢迎的喜剧大师在其幽默力量的巅峰状态。
夺魂索,1948,1948-09-25,"惊悚,犯罪,剧情",80,79,英语,阿尔弗雷德·希区柯克,亚瑟·劳伦斯,它始于一声尖叫……终于一声枪响！,博兰顿和菲利普都是哈佛的高才生，一天，都是同性恋的两人合谋杀害了同学戴维，并藏尸于一个大箱子中。或许是出于炫耀，他们做出了一个惊人的举动。那就是用装着戴维尸体的箱子当餐桌，邀请了戴维的父母、未婚妻、同学和茹伯特教授来赴宴。他们谎称戴维外出了，和客人们在戴维的“棺材”上进行着宴会。胆小的菲利普从宴会开始就开始坐立不安，但是博兰顿却不慌不忙，在客人中滔滔不绝。然而，聪明的茹伯特教授从博兰顿的谈话中渐渐察觉出事有蹊跷.
卡里加里博士的小屋,1920,1920-02-27,"剧情,恐怖,惊悚,犯罪",77,79,德语,罗伯特·维内,卡尔·迈尔,You must become Caligari!,德国小镇，面目狰狞的卡里加里博士（沃纳·克劳斯 Werner Krauss饰）终于获准表演催眠术。大学生弗朗西斯（弗里德里希·费赫尔 Friedrich Feher饰）和艾伦（汉斯·海因里希 Hans Heinrich von Twardowski饰）也来观看。疯狂的卡里加里博士向众人展示他是如何催眠和控制他的搭档凯撒（康拉德·韦特 Conrad Veidt饰），并向众人宣布：凯撒可以回答大家提出的所有问题。好奇的艾伦问道：我能活多久？病态的凯撒回答：活到明天凌晨。弗朗西斯并不相信，可艾伦却是满脸惊恐。随之，艾伦真的被杀害了。弗朗西斯把消息告诉了好朋友珍妮（丽尔·达戈沃 Lil Dagover饰）和她的医生父亲。他们展开了多方追捕，可惊人的秘密却丝丝入扣，到底谁才是真正的凶手？ 本片是世界电影史上被谈论得最多的影片之一，是德国表现主义电影的里程碑之作。影片以其怪诞的表现主义风格，成为以后西方恐怖片为之效仿的鼻祖。1958年本片在比利时布鲁塞尔由26个国家117位电影史家评选为“世界电影12佳作”的第12名。
为奴十二年,2013,2013-10-18,"剧情,历史",134,79,英语,史蒂夫·麦奎因,所罗门·诺萨普,The extraordinary true story of Solomon Northup.,本片改编自一个关于生存与自由的惊人真实故事。内战前的美国，来自纽约州北部的自由黑人所罗门·诺瑟普遭绑架并被贩卖为奴。在暴戾奴隶主具象化的残酷折磨与偶然降临的善意之间，所罗门不仅为生存挣扎，更为捍卫尊严而抗争。在长达十二载永难忘怀的苦难历程中，一次与加拿大废奴主义者的际遇，将永远改变他的命运。[20世纪福克斯探照灯影业]
德尔苏·乌扎拉,1975,1977-12-20,"冒险,剧情",144,79,俄语,黑泽明,弗拉基米尔·阿尔谢尼耶夫,自然面前，人与兽皆受其支配。这里有敬畏，有挚爱，亦有虔诚。而世间存在着这样一位被称作……的人。,在风雪交加的寒冷高地大兴安岭，一群俄国探险科考队员在队长亚森尼耶夫（虞瑞•索罗民Yuri Solomin 饰）的带领下进驻这里，寻找附近的资源矿藏。这些远离家乡的队员，每到夜晚的时候，都会唱起思乡的歌曲表达各自的离愁别绪。正在此时，他们聆听到一阵悠扬的旋律，后来才发现有个当地的蒙古老猎手德尔苏•乌扎（马克西姆•门祖克 Maksim Munzuk 饰）拉常年驻扎此地。为了能够在陌生的地方不被野兽吞噬不走弯路，队长决定雇佣德尔苏•乌扎拉为向导，指引军队前行，后者欣然应允，并且帮助他们躲过了老虎的血盆大口，穿越了活埋死人的沙丘，在与自然的对抗与相处中，德尔苏•乌扎拉和科考队员慢慢地建立了跨文化的深厚情谊，他们对自然的认识也逐渐加深……
遇见你之前,2016,2016-06-03,"剧情,爱情",110,79,英语,乔乔·莫伊斯,西娅·沙洛克,Live boldly.,小露是一个年轻又活泼的小镇女孩，不久前突然被咖啡馆解雇，家境不好，学历不高的她，无奈之下只好接下一份需要细心与专业技巧的工作：成为一名四肢瘫痪病人的全职看护。到了病人家中，她才发现看护对象是一名因车祸导致全身瘫痪的年轻人威尔·特雷纳。威尔年轻英俊，博学富有，过去热爱旅行冒险，却因一场车祸而一蹶不振，变得自暴自弃又愤世嫉俗；生性乐观的小露向他展示生命的美好。为了让威尔重新展开笑颜，小露使出浑身解数，两人都得到宝贵的的意外收获，重新找到人生与心灵的归属。
自由作家,2007,2007-04-04,"犯罪,剧情",123,79,英语,理查德·拉格拉文斯,Erin Gruwell,Their story. Their world. Their future.,爱林（希拉里·斯万克 Hilary Swank饰）从事的第一份教育工作，就是在威尔逊学校一个糟糕透顶的班级里担任老师。这里有着给老师们带来噩梦的学生：他们虚度光阴，消磨时辰，把学校当成18岁之前的游乐场；更混乱的是，学生们来自社会里的不同种族和各类底层阶级，分帮结派互相斗殴。
星条红与皇室蓝,2023,2023-08-10,"喜剧,爱情",118,79,英语,Matthew López,Casey McQuiston,爱你想爱的人。这是最好的外交政策。,本片改编自《纽约时报》同名畅销书，故事围绕美国总统之子亚历克斯和英国王子亨利展开。亚历克斯和亨利的长期不和威胁到了美英两国的关系。当这对冤家被迫“实施阶段性休战”时，他们冰冷的关系开始解冻，他们之间的摩擦也引发了比他们预想中更深刻的关系。
东京教父,2003,2003-12-29,"动画,剧情,喜剧",92,79,日语,今敏,信本敬子,欢迎认识这个终极功能失调的家庭。,圣诞夜，退役自行车选手Gin，跨性别者花，离家出走的少女美由纪三人在东京的雪夜中无所事事。这是，他们发现垃圾堆中有一位哭泣的弃婴。孩子的襁褓中仅有一个酒吧的名片与照片。婴儿的父母身份成了谜团。花想收留孩子，并将孩子取名清子。但另外2人表示反对。于是三人开始了寻找清子的父母的旅程。圣诞夜幸福的气氛，伴随的却是怀中清子的哭泣。无家可归的三个人，开始为同样无家可归的清子找寻属于她的家。这一队流浪者，在一夜经历了诸多奇妙的事件。他们能找到清子的父母吗？
攻壳机动队,1995,2025-05-17,"动作,动画,科幻",83,79,日语,押井守,伊藤和典,它已寻得声音……而今只欠一具躯壳。,公元2029年，未来世界是高科技与信息化的世界。人类生活水平的提高伴随着犯罪活动的高科技化，于是，专门镇压高科技犯罪的特殊部队——公安9课成立了。队长草薙素子，作为一位全身“义体化”的女警，带领公安9课不断展开行动。这次，公安9课帮助公安6课秘密解决了一位程序员外逃他国的麻烦琐事，又卷入传说中的黑客“傀儡师”的犯罪事件。当行动陷入僵局之际，傀儡师竟然不请自来，出现在公安9课！素子与她的战友们，不知不觉地被卷入了一场涉及政府的阴谋之中。
虎口脱险,1966,1966-12-08,"喜剧,战争",132,79,法语,热拉尔·乌里,达妮埃尔·汤普森,简介,二战期间，英国一架飞机在执行轰炸任务中，被德军击中，几名英国士兵被迫跳伞逃生。他们约好在土耳其浴室见面，并用这次行动的代号“鸳鸯茶”作为接头暗号。他们分别降落在法国巴黎德军占领区的不同地点。大胡子中队长雷金纳德被动物园管理员所救。而另外两名士兵，也分别在油漆匠奥古斯德 （布尔维尔 饰）和乐队指挥斯塔尼斯拉斯（路易·德·费内斯 饰）的帮助下掩藏好了。即便德军展开了全城的搜索，油漆匠、指挥和中队长还是在浴室顺利地会面，几经辗转，英国士兵终于接上了头。几个原本并不认识的人，就这样结成了生死同盟，与敌人展开了斗智斗勇的生死游戏。同时，也闹出了不少温情的笑话。他们用微薄的力量对抗严酷德军，险相迭生，滑稽搞笑，为了逃出虎口，共同战斗。
在这世界的角落,2016,2016-11-12,"动画,剧情,战争,历史",130,79,日语,片渊须直,,Torn apart by war. Brought together by love.,小铃（能年玲奈 配音）是一个整日里慢慢腾腾迷迷糊糊的姑娘，最大的爱好就是画画。眼看着到了嫁人的年纪，在父母的安排下，小铃来到了吴市，嫁给了名为北条周作（细谷佳正 配音）的男子，成为了北条家的媳妇。
夜,1961,1961-01-24,"剧情,爱情",122,79,意大利语,米开朗基罗•安东尼奥尼,托尼·诺格拉,一种全新的电影类型……旨在引发你的思考与触动你的情感。,这是发生在米兰的一对夫妻的故事。Giovanni Pontano（马塞洛•马斯楚安尼 Marcello Mastroianni 饰）是一个有名的作家，他有一个美丽的妻子Lidia（让娜•莫罗 Jeanne Moreau 饰）。他们来到医院看望Giovanni身患重病的朋友Tommaso，Tommmso对Giovanni的新书暂不绝口，然而疾病给他带来的疼痛让他十分痛苦。Lidia无法忍受看着这样一个病人，先离开了，Giovanni却被一个女病人所引诱。Giovanni再次见到Lidia时，两人间的气氛显得十分异样。两人先是去参加了出版社举办的Giovanni的新书发布会，随后又受邀去参加一个晚会。在豪宅的晚会上，Giovanni和主人的女儿Valentina Gherardini（莫尼卡•维蒂 Monica Vitti 饰）打得火热，两人接吻的场面被Lidia看到了。随后Lidia也和另外一个男人跳起舞来......这对夫妻的婚姻将走向何方？
大逃亡,1963,1963-07-04,"冒险,剧情,战争",172,79,英语,约翰·斯特奇斯,Paul Brickhill,Put a fence in front of these men... and they'll climb it!,这部史上最激动人心的冒险故事之一，以动作史诗的规格再现了二战期间一次真实的越狱行动——250名战俘试图通过地道从德国战俘营挣脱枷锁，影片详实刻画了行动的筹划、执行与后续波澜。史蒂夫·麦奎因凭借片中摩托车特技狂人的角色奠定其巨星地位，他与查尔斯·勃朗宁、詹姆斯·柯本、詹姆斯·加纳、唐纳德·普利森斯等全明星阵容携手对抗纳粹。约翰·斯特奇斯的精湛执导、埃尔默·伯恩斯坦朗朗上口的配乐，以及惊心动魄的特技场面，共同铸就这部影史最具观赏性的越狱电影，成为一曲献给平凡英雄之决心、情谊与勇气的激昂颂歌。[标准收藏]
夺宝奇兵：法柜奇兵,1981,1981-12-11,"冒险,动作",115,79,英语,史蒂文·斯皮尔伯格,劳伦斯·卡斯丹,印第安纳·琼斯——《大白鲨》和《星球大战》主创打造的新英雄,印第安纳·琼斯（哈里森·福特 饰）将带你踏上惊险之旅，直面毒蛇、纳粹以及接连不断的惊人危机——这一切终以发现并开启神秘的约柜而达到高潮。
怪物,2023,2023-06-02,"悬疑,惊悚,剧情",125,79,-,是枝裕和,坂元裕二,是...谁呀？,平静的湖畔小镇，疼爱儿子的单亲妈妈早织（安藤樱 饰）、为学生着想的爽直老师保利 （永山瑛太 饰）以及天真烂漫的孩子们本过着安稳的生活，却因为一次校园冲突，发酵酿成轩然大波，惹起社会与媒体的关注。当事态越见严重，竟在一个暴风雨的清晨，两个孩子双双失去了踪影…
爱，简单,2014,2014-04-10,"剧情,爱情",96,79,葡萄牙语,Daniel Ribeiro,,Not every love happens at first sight.,女孩吉瓦娜（Tess Amorim 饰）和男孩里奥（Ghilherme Lobo 饰）是最要好的朋友。里奥虽然双目失明，但内心一直渴望自立，不喜欢来自父母的过多保护。新来转校生加百列（Fabio Audi 饰）不小心闯入里奥的世界，也改变了里奥和吉瓦娜的相处习惯。里奥对爱上加百列患得患失，吉瓦娜对里奥的疏远伤心难过，而加百列懵懵懂懂的回应更让男孩女孩们的世界复杂起来......
黑暗之心,1991,1991-11-27,纪录,96,79,英语,George Hickenlooper,Fax Bahr,The magic and madness of making Apocalypse Now,这部纪录片详尽记录了弗朗西斯·福特·科波拉的《现代启示录》（1979）在剧本、拍摄、预算和选角方面如何饱受非同寻常的困扰——几乎摧毁了这位著名导演的生活与职业生涯。
爱的曝光,2008,2008-11-29,"喜剧,剧情,爱情",237,79,日语,园子温,,你知道《哥林多前书》第13章吗？爱，是其中最为伟大的。,这部长达近四个小时的电影讲述了一个根据真人真事改编的究极纯爱故事。角田优生长在虔诚的基督徒家庭。母亲早逝，优和当神父的父亲哲过着平淡而幸福的生活。优憧憬着有朝一日能遇到理想中的女性——和母亲气质相似的“玛丽亚”。某天，美艳奔放的薰闯入了这对父子的生活。虽然身为神职人员，但哲深深迷上了薰。当薰不辞而别之后，哲好像变了一个人似的，成了一个不讲理的老头，要求儿子每天忏悔。优只好胡乱瞎编些东西来搪塞，然而其中有一件是真的——他曾经偷拍女孩的裙底风光。哲听说此事后大发雷霆，骂儿子是变态，而优反而更加热衷于这一行为了。这天，优和一道偷拍的伙伴们打赌输了，被迫男扮女装在街头搭讪女孩子。他遇到了被一群小流氓纠缠的洋子。优对洋子一见钟情，那正是他朝思暮想的“玛丽亚”女郎。而洋子也爱上了优假扮的神秘女孩“佐素梨”。不久后，哲和薰重逢，两人结了婚，而薰带来的“拖油瓶”竟然就是洋子。从此，优的生活陷入了混乱。洋子倾心于“佐素梨”，却十分讨厌优，她对女装的优甜甜蜜蜜，对作为哥哥的优则冷淡无比。烦恼不堪的优只得通过偷拍来发泄情绪。与此同时，有个叫“零教会”的神秘新兴宗教团体开始流行，信徒越来越多。不知为何，“零教会”的教祖古池寻机接近优和他的家人。古池还把优偷拍的癖好告诉了洋子，让洋子越发疏远他了。接着，哲和薰也好像被洗了脑，对优不再信任。优不堪忍受，只得离家出走。过了一段时间，他回到家里，却发现父母和妹妹都失踪了。这一定是小池和“零教会”搞得鬼！优展开了属于他的战斗……
鬼妈妈,2009,2009-02-06,"动画,家庭,奇幻",100,79,英语,亨利·塞利克,,Be careful what you wish for.,本片根据畅销小说改编而成。卡洛琳是一个充满好奇心的女孩，她在新家里发现了一扇神秘的门，通过那扇门，她进入了一个与现实平行的世界。表面看来，这个世界只是现实世界的镜像复制，其中的事物与现实里的几乎一模一样，但却充满了奇幻。在这里卡洛琳碰见了很多奇怪的人，包括她的“赝品母亲”，后者想将其永远留在这里。而卡洛琳必须依靠自己的机智、决心和勇气，才能重回现实，拯救自己的家庭。  10来岁的小女孩卡洛琳天生就有一颗好奇的心，凡事都喜欢问个究竟，不过她的父母却对她管教甚严，所以卡洛琳虽然有着打破砂锅问到底的精神，但也只能乖乖听父母的话。父母决定乔迁新居，搬到了新家的卡洛琳，来到了一个全新的环境里，这里大大的激发了她的好奇心。她开始对周围的邻居感到无比的新奇：有一个老头子，最大的乐趣就是整天在家里训练他自己的马戏团，这个马戏团可了不得，因为马戏团里的小丑，都是一只只可爱的小老鼠；除此之外，还有俩姐妹，整天的爱好就是你骂我，我骂你，生活还特别的古板。  玩了没多久，卡洛琳对这个新的居住环境渐渐的熟悉了，她开始觉得有些无聊。这时候，她又开始在家里找乐子玩，终于，让她发现了一个大秘密：客厅里，原来有一道她从来没有进去过的门！卡洛琳细心了数了数家里的房门，却在怀比送的娃娃的指引下，找到了一扇小门，这扇门究竟通往哪里呢？一天深夜里，卡洛琳鼓起勇气，打开了房门……  在房门背后的那个世界，有着和卡洛琳的世界相似的样子，还有一个自称为卡洛琳“另一个妈妈”、长着纽扣眼睛的家伙（或许她是个更完美的妈妈）。但事情渐渐变得越来越奇怪。原来，“另一个妈妈”是个可怕的怪物，她要做的是把卡洛琳永远的留在这个世界中，她绑架了卡洛琳真正的父母、甚至要为她缝上纽扣眼睛！在一只高傲的黑猫和三个鬼魂的帮助下，卡洛琳必须勇敢起来……
蝙蝠侠：黑暗骑士归来（下）,2013,2013-01-29,"科幻,动作,动画,悬疑",76,79,英语,鲍勃·凯恩,杰伊·欧力瓦,Justice returns... vengeance returns... redemption comes to Gotham.,曾经罪恶横行的高谭市，自布鲁斯·韦恩决定以蝙蝠侠的身份归来后，仿佛终于发生了新的变化。变种人头目双面人被除掉，然而原变种人团伙摇身变成蝙蝠狂热者，以暴力的方式执行着对善恶之行的裁断。因此，蝙蝠侠的法外行为引起广泛争论，甚至惊动白宫，而高谭的新任探长对其存在颇有微词。正值美苏交恶的危机时刻，超人卷入战火，蝙蝠侠和这位昔日的战友因理念不同分道扬镳。在此期间，小丑高调复出，受邀参加某电视节目访问，实则暗藏新的阴谋。 为了阻止小丑的破坏，蝙蝠侠和新一代的罗宾突破重重阻隔，杀向对手……
登陆之日,2011,2011-12-21,"剧情,动作,历史,战争",137,79,朝鲜语,姜帝圭,金秉铉,他们原本是敌人，但命运让他们走到了一起。,小时候跟随父亲移居朝鲜的少年辰雄（音，小田切让饰演）遇到了和自己一样喜欢跑步的朝鲜少年俊植（音，张东健饰演）。长大后他们成为一对马拉松对手。在奥运会马拉松选拔赛上，俊植以微弱优势战胜辰雄，但在日本田径联盟的操作下辰雄获胜。随着二战的全面爆发，俊植被强征为关东军，而辰雄成为新任守备队队长。此后俊植先后在日军、苏军、德军服役，辰雄也与俊植一起走过了坎坷旅程。  影片由《太极旗飘扬》的姜帝圭执导，以二战诺曼底登陆为背景，讲述了被日本军征集为纳粹德国作战的韩国士兵们的故事，将由韩日中三国明星共同主演。
如此美好的一天,2012,2012-08-24,"动画,喜剧",62,79,英语,Don Hertzfeldt,,简介,在这部由唐·赫茨菲尔德动画短片三部曲改编的新长片电影中，比尔竭力拼凑自己破碎心灵的世界。
蜘蛛巢城,1957,1957-01-15,"剧情,历史",110,79,日语,黑泽明,桥本忍,简介,黑泽明执导，以鬼影幢幢、雾锁重林的日本战国时代为舞台，对莎士比亚笔下关于野心与背叛的经典悲剧《麦克白》进行了一次凌厉而震撼的改编。三船敏郎饰演在血雨中浴血攀升的悍将，献上了野兽般暴烈的表演；山田五十铃则化身其蛇蝎心肠的妻子，演技同样摄人心魄。影片将西方古典悲剧内核与能剧的形式美学相融合，在刀光剑影与血雾弥漫中，创造出令人永生难忘的银幕体验。[标准收藏公司]
魔女,2018,2018-06-27,"动作,科幻",125,79,朝鲜语,朴勋政,,他们出现后，一切都变了。,10年前在一起奇怪的事故中独自生还的失忆少女子允，在一对老夫妇的抚养下长大。为了贴补家用，子允参加了某档电视节目，但让她没想到的是，就在节目播出后，开始有各种奇怪的人出现在她面前。
泯灭天使,1962,1964-10-01,"喜剧,剧情,奇幻",93,79,西班牙语,路易斯·布努埃尔,路易斯·德拉维加,上流社会的堕落！,本片是布努艾尔与墨西哥女演员希尔维亚·比那尔（Silvia Pinal）合作，由比那尔的丈夫古斯塔沃·阿拉特里斯特（Gustavo Alatriste）出资制片的三部曲中的第二部。故事从一场盛大的晚宴开始。诺比尔夫妇在家款待朋友，可正当客人驾到之时，厨师和仆人却突然离去，只有管家胡里奥（克劳迪奥·布鲁克 Claudio Brook 饰）留下。宴席过后众宾客在起居室欣赏来宾之一演奏钢琴，但结束后竟无人打算离去。众人和衣在屋中睡下，清早醒来发现依然无人能够离开，只要一走到门口，便心生留意。一行人神秘被困数天，屋外的人也无法进入。被饥饿、干渴、疲乏和恐惧笼罩的这些上层社会男女们开始不顾身份地位地争吵、哭泣、动粗，甚至威胁要杀掉主人，破除“魔咒”……
邮差,1994,1994-09-22,"喜剧,剧情,爱情",108,79,意大利语,迈克尔·雷德福,Antonio Skármeta,Dreams do come true.,在意大利海岸外的一座小岛上，一位年轻邮差的生活因开始为流亡诗人巴勃罗·聂鲁达送信而发生了改变。
将军号,1926,1926-12-25,"喜剧,战争,爱情",75,79,英语,巴斯特·基頓,克莱德·布鲁克曼,"巴斯特驾驶""将军号""驶向满载欢笑的列车。",美国南北战争时期，北方联军劫走了南方的火车“将军号”。作为“将军号”司机的约翰尼·格雷，不但要抢回心爱的火车，更要夺回心爱女人的心……  　　最终，约翰尼冲入敌人防线，夺回将军号，救出了女友，并把追逐他们的火车“得克萨斯”号诱到洛克河一座木桥上，使其堕入河中。此举挽救了南方军队的战事。
天使爱美丽,2001,2001-04-25,"喜剧,爱情",122,79,法语,让-皮埃尔·热内,纪尧姆·劳兰特,一个人能永远改变你的人生,艾米莉（奥黛丽·塔图 Audrey Tautou 饰）有着别人看来不幸的童年——父亲给她做健康检查时，发现她心跳过快，便断定她患上心脏病，从此艾米莉与学校绝缘。随后因为一桩意外，母亲在她眼前突然死去。这一切都毫不影响艾米莉对生活的豁达乐观。1997年，戴安娜王妃的去世让她倍感人生的孤独脆弱，艾米莉从此开始了一系列助人计划，包括自闭忧郁的邻居老人，被老板刻薄的菜摊伙计、遗失了童年器物的旧房东、爱情失意的咖啡店同事。但她万万想不到，成人录象带商店店员尼诺（马修·卡索维 Mathieu Kassovitz 饰），竟成为她的棘手对象，艾米莉开始了令人哭笑不得的另类计划……
地狱,2010,2010-09-03,"动作,犯罪,西部,喜剧,剧情",148,79,西班牙语,Luis Estrada,Jaime Sampietro,"Mexico 2010, Hell... nothing to celebrate",本杰明·加西亚，本尼被驱逐出美国。回到家乡，面对一幅黯淡的画面，本尼卷入了毒品业务，他的生活首次出现了壮观的崛起，被金钱、女人、暴力和乐趣所包围。但很快他将发现犯罪生活并不总是兑现承诺。
霸王别姬,1993,1993-07-26,剧情,171,79,"$4,000,000.00",李碧华,陈凯歌,华语剧情片巅峰之作 ，风华绝代程蝶衣！,在著名导演陈凯歌这部关于激情、命运与艺术超越性可能的恢弘史诗中，一段令人屏息的缱绻情缘于社会巨变的广阔背景下徐徐展开。影片横跨二十世纪五十载，追随着心怀梦想的京剧艺人程蝶衣与段小楼的人生轨迹——从经受严酷训练的童年，到最终成为京剧名角。蝶衣对小楼未果的痴恋，与时代政治浪潮的翻涌交织，将他们卷入充满嫉妒与背叛的个人悲剧之中，人生如戏，戏若人生。这部首部荣获戛纳电影节金棕榈奖的中国电影，是最高规格的史诗制作——从每一帧精美的画面到深沉的情感冲击，皆令人震撼。
大红灯笼高高挂,1991,1991-12-18,剧情,125,79,"$1,000,000.00",张艺谋,苏童,中国，一九二零年。一夫四妻，深宅旧事。,改编自苏童小说《妻妾成群》。大学刚读半年的颂莲（巩俐）被贪钱的母亲逼迫着嫁进陈家大院，成了老爷的第四房姨太。陈府有老规矩，姨太太们傍晚时分要站在自已的屋子前，等待下人送来的意味被老爷“临幸”的大红灯笼。
达拉斯买家俱乐部,2013,2013-11-22,"剧情,历史",117,79,英语,让-马克·瓦雷,梅丽莎·沃尔拉克,Dare to live.,1986年美国达拉斯市，恐同的德州电工罗恩·伍德鲁夫（马修·麦康纳 Matthew McConaughey 饰）发现自己患上“同志病”——艾滋，生命只剩30天。他使用的AZT（叠氮胸苷）是当时美国药管局唯一批准面市的抗艾药物，但毒性极大。为了活下去，罗恩开始研究各种抗艾处方和替代疗法，甚至走私来自世界各地未经批准的药物。在医生萨克斯（詹妮弗·加纳 Jennifer Garner 饰）和异装癖同性恋雷蒙（杰瑞德·莱托 Jared Leto 饰）的帮助下，罗恩开始成立了一个叫做“达拉斯买家俱乐部”的地下组织，为艾滋病人提供更多“非常规疗法”，很多患病的男女同性恋亦求助于他。他的举动自然受到了药管局和药商的阻挠和施压。罗恩最终在1992年9月去世，离他被告知只剩30天可活已经过去了2557天。在这近7年时间里，他坚持不懈的与病魔、与药管局及制药商进行艰苦的斗争，享受真正活过的人生...... 本片根据真人真事改编，讲述一个绝症病人如何努力求生并拯救成千上万面临同样境遇的人的故事，提名金球奖剧情类最佳男主/男配以及获得大小29个奖项。
不可饶恕,1992,2023-06-10,西部,130,79,英语,克林特·伊斯特伍德,大卫·韦伯,有些传奇永远不被遗忘。有些错误永远无法原谅。,在这部荣获奥斯卡奖的西部片中，伊斯特伍德与弗里曼饰演穷途末路的法外之徒，为获取怀俄明州偏远大威士忌镇几名复仇心切的妓女悬赏的赏金，他们最后一次拔枪上阵。
Tel chi el telùn,1999,1999-05-12,喜剧,120,79,-,Arturo Brachetti,Giacomo Poretti,简介,A comedy show.
回忆积木小屋,2008,2008-08-10,"动画,剧情",12,79,日语,Kunio Kato,Kenya Hirata,第81届奥斯卡金像奖最佳动画短片,恍如世界末日一般，洪水席卷地球，世界变成一片汪洋，空旷而孤寂。一位老人孤独地生活在这个世上，或凭栏远眺，或看看电视消磨时光，几无可以交流之人。水位不断上涨，老人只能不断加盖房子，宛如摞积木一般，房子有如矗立在深海中的巨塔。在搬运家具时，老人的烟斗不慎掉落水中，更顺着层与层之间的通道掉落下去。烟斗有着他和老伴共同的回忆，老人决心潜水取回烟斗，但是这一举动似乎打开了记忆的闸门，往日的回忆不断涌现。老人无法自已，一层层向下沉去，寻找那些早已沉在海底的珍贵记忆……本片荣获2009年奥斯卡金像奖最佳动画短片奖。
奇迹少女 龙女觉醒,2021,2025-09-30,"动画,家庭,动作,冒险,奇幻",54,79,法语,托马斯·阿斯特鲁克,Mélanie Duval,当巴黎的超级英雄遇见上海的神秘传说,在得知艾俊去上海后，马丽娜借着给舅公送生日礼物的机会也来到了上海。可刚到上海，马丽娜的手机、米可幻奇以及精灵宝奇都被偷走了！束手无策的她接受了一个名叫飞儿的女孩的帮助，殊不知就是飞儿偷走了她的东西。她们一起对抗贪财的钞票张，愤怒的他被黑魔蝶黑化了。原来黑魔蝶特意来上海抢夺魔法珠宝“普洛幻奇”。飞儿在普洛幻奇的加持下变身成为超级英雄“仁人”，可满脑子只为复仇的她违背了魔法超能力所要求的品质，导致普洛幻奇的守护者被黑化成为阎罗狮，就连黑魔蝶和黑猫罗尔都被他消灭了！只剩下失去搭档的奇迹少女和失意的仁人来对抗这个超强反派。她们能否解开彼此的心结？飞儿是否可以放下心中的仇恨成为称职的新英雄？
怪物之子,2015,2015-07-11,"动作,冒险,动画,剧情,家庭,奇幻",119,79,日语,细田守,,"In a world of beasts, he found a family.",《怪物之子》的世界里，在人类世界之外还有一个怪物生活的世界。而两者之间的交界处则是人间界的涉谷所在以及在怪物界名为“涉天街”的地方。故事讲述了某一日，孤身一人的少年误入怪物世界的少年遇到了同样孤身一人的怪物，两者相遇后开展的超出想象的冒险故事。少年成为了名为熊彻的怪物的弟子，同时获得了“九太”这个名字。也因此有网友笑言，应该给本片命名为“熊孩子”。
日常工作：电影版,2015,2015-09-01,"动画,喜剧,科幻,冒险",69,79,英语,J.G. Quintel,Sean Szeles,Save the universe from yourselves or you're fired.,为了拯救宇宙及其友谊，Mordecai和Rigby必须击败邪恶的排球教练。
金氏漂流记,2009,2009-05-14,"剧情,喜剧,爱情",119,79,朝鲜语,李海俊,,"Once in a life time, There comes a moment that you live in HOPE.",金盛瑾（郑在泳 饰）因公司重组而失去了工作，同时债台高筑，妻子也离他而去，对人生彻底失望的金盛瑾爬上了汉江的大桥，纵身一跃……然而金盛瑾醒转过来之后，发现自己漂流到了汉江的江心小岛上，短暂的脱身努力失败后，金盛瑾在城市的边缘陷入了鲁宾孙一般的境地，回想起现代生活的局促忙碌，金盛瑾放弃了自杀的念头，开始依靠小岛上的各种废品过起了化外人生。与此同时，在城市高楼中，一位有自闭症的金小姐（郑丽媛 饰）恰巧用望远镜目睹了金盛瑾自杀的情形，这个一年中只在演习时窥探大街的女孩生活中自此闯入了一个外星人般的都市鲁宾孙。金小姐在夜晚时分进入对她来说危机四伏的街道，以便给金先生送出自己的信号，而金盛瑾则用沙滩上的大字来回应，这对儿奇妙的笔友慢慢维系着这份情谊，但是在纷乱的都市中，这段关系会走向何方呢？
星球大战6：绝地归来,1983,1983-05-25,"冒险,动作,科幻",131,79,英语,乔治·卢卡斯,理查德·马昆德,帝国崩塌……,银河帝国再度建造威力更强大、更坚不可破的“死星”，邪恶的势力又再一次威胁莱娅公主所领导的反抗军。莱娅公主等人前去援救被贾巴囚禁的索罗船长，却失败被贾巴捉住，最后在卢克·天行者的支持下，众人才成功逃出。卢克前往大师尤达的住所，即将离世的尤达告诉他一个令人震惊的事实：达斯·维德正是他的父亲！尽管如此，卢克仍重新加入反抗军的行列，并准备攻打帝国军新建的死星。此时，帝国皇帝达斯·西迪厄斯也正在新死星上，他设下了陷阱准备诱捕卢克。独闯虎穴的卢克无法抵御代表黑暗最高势力的西迪厄斯的西斯闪电，奄奄一息陷入绝境。身处一旁的达斯·维德眼见儿子即将死去，终于觉醒，为保护卢克而与皇帝同归于尽。安纳金·天行者终于恢复了善良的本性，在卢克“父亲！父亲！”呼唤声中，他释然地微笑着死去。
学校整蛊联盟2,2019,2019-04-11,喜剧,102,79,西班牙语,Nacho G. Velilla,David S. Olivas,简介,"Zequi and Lucy are about to get married. Although he promises not to overdo it during the bachelor party, things get out of control."
雁南飞,1957,1957-10-12,"剧情,爱情,战争",97,79,俄语,米哈伊尔·卡拉托佐夫,维克多·罗佐夫,一个女孩执着追寻幸福的动人故事。,本部电影讲述身处硝烟弥漫的战争年代，一对热恋中男女青年的悲情爱情故事。薇罗尼卡（塔吉娅娜·萨莫依洛娃 Tatyana Samojlova饰）和鲍里斯（阿勒克塞·巴塔洛夫 Aleksey Batalov饰）本是沉浸在甜蜜热恋中的幸福情侣，可随着战争的爆发，这一切的美好即将破灭。鲍里斯参军，薇罗尼卡的父母在敌机的轰炸中双亡，悲痛欲绝的她只能寄宿在鲍里斯父亲的家中。鲍里斯的表弟趁机占有了她，薇罗尼卡受到众人指责。双重打击下的薇罗尼卡本想一死了之，可心中仍苦苦等待着鲍里斯的归来。当得知鲍里斯牺牲的消息后，薇罗尼卡彻底绝望了。战争结束，当所有人都在庆祝胜利的时候，薇罗尼卡也双手捧着鲜花来到广场上。这时，一行大雁在空中飞过，就像当初的美好时光一样。 本片一经问世，就轰动了整个世界影坛。《雁南飞》以其绝美的光影对比，绝佳的镜头运用，一举荣获1957年戛纳国际电影节金棕榈奖和1958年戛纳电影节摄影大奖。
乱世佳人,1939,2017-04-15,"剧情,战争,爱情",238,79,英语,维克多·弗莱明,玛格丽特·米切尔,史上最伟大的浪漫传奇！,这部史诗巨制描绘了一位南方佳丽在美国内战与重建时期的命运浮沉。影片荣获八项奥斯卡金像奖，其中包括最佳影片奖。
哪吒之魔童降世,2019,2019-07-26,"动画,奇幻,冒险",110,79,"$22,000,000.00",饺子,魏芸芸,打破成见 做自己的英雄。,天地灵气孕育出一颗能量巨大的混元珠，元始天尊将混元珠提炼成灵珠和魔丸，灵珠投胎为人，助周伐纣时可堪大用；而魔丸则会诞出魔王，为祸人间。元始天尊启动了天劫咒语，3年后天雷将会降临，摧毁魔丸。太乙受命将灵珠托生于陈塘关李靖家的儿子哪吒身上。然而阴差阳错，灵珠和魔丸竟然被掉包。本应是灵珠英雄的哪吒却成了混世大魔王。调皮捣蛋顽劣不堪的哪吒却徒有一颗做英雄的心。然而面对众人对魔丸的误解和即将来临的天雷的降临，哪吒是否命中注定会立地成魔？他将何去何从？
大路,1954,1954-09-23,剧情,108,79,意大利语,费德里科·费里尼,图里奥·皮内利,拍摄于意大利——故事发生地！,由于生活所迫，母亲把弱智女孩杰索米娜卖给了江湖艺人藏巴诺。在相处中，女孩却发现这个空有一身蛮力的家伙，根本不懂得照顾女人，他卖她只是为了让她做牛做马，在他演出的时候扮演小丑，平时给他做饭，陪她睡觉。这种粗暴蛮横的家伙，让她萌生逃离的念头，然而，几次出逃，均告失败。在一次观看高空走钢丝表演的时候，杰索米娜认识了绰号“傻瓜”的马戏团艺人——玛托，并且在他的引导下学会了演奏乐器。她非常感激，对这个男人产生了依恋。然而，但是藏巴诺的出现，再次打破了她的一切幻想，毁掉了来之不易的幸福……
头脑特工队,2015,2015-10-08,"动画,家庭,冒险,剧情,喜剧",95,79,英语,皮特·多克特,乔什·库利,我们可能会悲伤，但我们也可以快乐。,可爱的小女孩莱莉（凯特林·迪亚斯 Kaitlyn Dias 配音）出生在明尼苏达州一个平凡的家庭中，从小她在父母的呵护下长大，脑海中保存着无数美好甜蜜的回忆。当然这些记忆还与几个莱莉未曾谋面的伙伴息息相关，他们就是人类的五种主要情绪：乐乐（艾米·波勒 Amy Poehl er 配音）、忧忧（菲利丝·史密斯 Phyllis Smith 配音）、怕怕（比尔·哈德尔 Bill Hader 配音）、厌厌（敏迪·卡灵 Mindy Kaling 配音）和怒怒（刘易斯·布莱克 Lewis Black 配音）。乐乐作为团队的领导，她协同其他伙伴致力于为小主人营造更多美好的珍贵回忆。某天，莱莉随同父母搬到了旧金山，肮脏逼仄的公寓、陌生的校园环境、逐渐失落的友情都让莱莉无所适从，她的负面情绪逐渐累积，内心美好的世界渐次崩塌。
时空恋旅人,2013,2013-09-04,"剧情,爱情,奇幻",123,79,英语,理查德·柯蒂斯,,如果生命中的每一刻都有第二次机会呢？,21岁的时候，蒂姆·雷克（多姆纳尔·格里森 饰）突然得知自己有穿越时空的能力。在和往年一样不欢而散的年夜饭之后，蒂姆的爸爸（比尔·奈伊 饰）跟他坦诚布公：我们这个家族的男人，生来就有着穿越时空的神力。蒂姆虽然不能改变历史，但是他能够改变自己生命中发生过的和将要发生的一些小事，所以他决定运用自己的能力，让生活变得美好——说白了他是希望给自己找一个女朋友。然而，这并非像他想象中那么容易。蒂姆从康沃尔海岸搬到了伦敦，受训成为律师，在这里他终于遇上了一位漂亮但不那么自信的姑娘，名叫玛丽（瑞秋·麦克亚当斯 饰）。两人相爱了。然而一次“穿越”当中，蒂姆不小心改变的一件小事就像“蝴蝶效应”一样让他在将来生活中没有机会遇到玛丽。通过一次又一次的尝试，蒂姆一次又一次地和玛丽相遇，他终于赢得了她的心。
银河护卫队,2014,2014-10-10,"动作,科幻,冒险",121,79,英语,詹姆斯·古恩,史蒂夫·格伯,当复仇者联盟在拯救地球 他们在拯救全宇宙,彼得·奎尔（克里斯·帕拉特 Chris Pratt 饰）是一个从小被劫持到外太空的地球人，在义父勇度（迈克尔·鲁克 Michael Rooker 饰）的培养下成了一个终极混混，自称“星爵”。一次行动中他偷了一块神秘球体，便成为了赏金猎人“火箭浣熊”（布莱德利·库珀 Bradley Cooper 配音）、树人格鲁特（范·迪塞尔 Vin Diesel 配音）的绑架目标，而神秘的卡魔拉（佐伊·索尔达娜 Zoe Saldana 饰）也对神秘球体势在必得。经过笑料百出的坎坷遭遇，星爵被迫和这三人，以及复仇心切的“毁灭者”德拉克斯（戴夫·巴蒂斯塔 Dave Bautista 饰）组成小分队逃避“指控者”罗南（李·佩斯 Lee Pace 饰）的追杀。然而这个神秘球体拥有无穷的力量，小分队必须团结一致对付罗南，才有可能解救整个银河系，银河护卫队由此诞生。
舞台春秋,1952,1952-10-23,"爱情,剧情,音乐,喜剧",137,79,英语,查理·卓别林,,喜剧大师笑中带泪的巅峰之作！,查理·卓别林这部精湛刻画昔日杂耍明星迟暮岁月的动人戏剧，堪称这位编导大师最为深情之作。卓别林饰演的卡韦罗曾是备受爱戴的音乐喜剧演员，如今沦为蜗居伦敦小公寓的过气酒鬼。当他遇见楼下那位美丽而忧郁的芭蕾舞者时，人生终于透进一丝微光。这部悲喜交融的隽永之作，更特邀默片时代另一位喜剧巨匠巴斯特·基顿客串出演，成就影史唯一一次双星联袂的珍贵记录。影片创作时正值卓别林遭美国媒体与右翼势力围攻之际，导致本片在美国首映时几乎未能公开放映，如今却被视为其最具个人色彩的重要代表作。[标准收藏]
浮士德,1926,1926-10-13,"奇幻,剧情,恐怖",116,79,德语,F·W·茂瑙,汉斯·凯泽,诱惑者的低语。,帝和魔鬼梅菲斯特（爱米尔·强宁斯 Emil Jannings 饰）以浮士德的灵魂为赌注打赌，梅菲斯特坚称饱读诗书满腹经纶的大学士浮士德（格斯塔·埃克曼 Gösta Ekman 饰）会在欲望的引诱之下日渐堕落，而上帝则相信浮士德的理性终究会打败欲望。梅菲斯特化身成为一条黑狗来到了浮士德的身边，并且成为了随时随地满足他任何愿望的仆人。在梅菲斯特的带领下，浮士德返老还童成为了神采奕奕的青年，并且邂逅了单纯善良的玛格丽特（卡米拉·霍恩 Camilla Horn 饰），在梅菲斯特的作弄之下，玛格丽特坠入了爱河，却在意外之中误杀了自己的母亲，她的哥哥亦死在了浮士德的手中。绝望的玛格丽特最终因为杀死了自己的孩子而被关入了监狱之中，而浮士德的旅途却并未走到尽头。
唐人街,1974,1974-06-20,"犯罪,悬疑,惊悚",130,79,英语,罗曼·波兰斯基,罗伯特·汤,你变得强硬。你变得温柔。你们彼此靠近。或许你们甚至会接近真相。,杰克·尼科尔森饰演私家侦探杰克·吉特斯，在战前烈日炙烤的南加州阴暗道德泥沼中谋生。受一位美艳社交名媛委托调查其丈夫的婚外情，吉特斯被卷入双重阴谋与致命欺骗的漩涡，揭开个人与政治丑闻交织的罗网——这一切在唐人街那个永生难忘的夜晚轰然交汇。
花木兰,1998,1998-06-19,"动画,家庭,冒险",88,79,英语,Tony Bancroft,Barry Cook,逆境中绽放的花朵，才最是珍贵与美丽。,花木兰是家中的长女，性格爽朗率真，父母极力想帮女儿找到一个好归宿，可是多次努力未果。此时却收到了北方匈奴侵略的消息，朝廷召集各家各户的壮丁。木兰父亲也在名单之内，木兰不忍年迈残疾的父亲征战沙场，决定割掉长发，偷走父亲的盔甲，决定女扮男装代父从军。花家的祖先为了保护木兰，便派出了心地善良的木须从旁帮忙。从军的过程中，木兰凭着坚强意志，通过了一关又一关的艰苦训练，她的精神也感动了所有战友。就在战况告急的时候，她也被发现了女子的身份。她被遗留在雪地中，而最后也是她的及时出现，顺利协助大军击退了匈奴。
泰坦尼克号,1997,1998-04-03,"剧情,爱情",194,79,英语,詹姆斯·卡梅隆,,世界上没有什么可以分开他们。,1912年4月10日，号称 “世界工业史上的奇迹”的豪华客轮泰坦尼克号开始了它完工后的首次商业航行，从英国的南安普顿出发驶往美国纽约。富家少女罗丝与母亲及未婚夫卡尔坐上了头等舱；另一边，放荡不羁的少年画家杰克也在码头的一场赌博中赢得了下等舱的船票。罗丝厌倦了上流社会虚伪的生活，不愿嫁给卡尔，打算投海自尽，被杰克救起。很快，美丽活泼的罗丝与英俊开朗的杰克相爱，杰克带罗丝参加下等舱的舞会、为她画像，二人的感情逐渐升温。1912年4月14日，星期天晚上，一个风平浪静的夜晚。泰坦尼克号撞上了冰山，“永不沉没的”泰坦尼克号面临沉船的命运，罗丝和杰克刚萌芽的爱情也将经历生死的考验。
一次别离,2011,2011-03-15,剧情,123,79,波斯语,阿斯哈·法哈蒂,,残酷的真相，甜蜜的谎言。,影片以当代伊朗为背景，讲述一段婚姻分崩离析的动人故事。西敏渴望与丈夫纳德、女儿特梅一同离开伊朗，在纳德因需照顾患阿尔茨海默症的父亲而拒绝离开后，西敏愤而提起离婚诉讼。离婚请求被驳回后，西敏搬回娘家，特梅却决定留在父亲身边。纳德在妻子离开后聘请年轻女工照顾父亲，期盼生活重归平静，然而当他发现女工竟对他隐瞒真相时，才惊觉自己面临的危机已远不止婚姻破碎这般简单。[索尼经典]
V字仇杀队,2006,2006-03-17,"动作,惊悚,科幻",132,79,英语,詹姆斯·麦克特格,莉莉·沃卓斯基,人民不应该害怕政府，相反的政府才需要畏惧人民,未来的英国社会处于极权统治的高压下，不能容许同性恋者、异教徒等社会角色的存在，人民在黑暗政权下苟延残喘。  这晚，年轻女子艾薇身陷险境，幸得V相助。V是一个永远带着面具的神秘男子，拥有高智商和超凡战斗力。他摧毁了伦敦的标志性建筑，同时也点燃了反政府的熊熊烈火。 艾薇在和V深入接触后，不仅得知了V的神秘使命，还渐渐发现了自己的身世，这也注定了自己和V会是同一条阵线的人。
哈利·波特与魔法石,2001,2002-01-26,"冒险,奇幻",152,79,英语,克里斯·哥伦布,J·K·罗琳,魔法永恒,哈利·波特是一个孤儿，从小寄养在姨妈家，受尽欺凌。但就在哈利11岁生日的时候，他意外收到了霍格沃茨学院的入学通知书。哈利从该学院派来接他的巨人海格口中得知，这是一间魔法学院，并得知了自己的身世，原来哈利的父母都是伟大的魔法师，在对付伏地魔的战斗中双双献身，唯有哈利幸免于难。哈利进入霍格沃茨后，表现出了超乎想象的飞行天赋，得到麦格教授的推荐进入了格兰芬多的魁地奇球队。另一方面，哈利发现霍格沃茨学院内有一股黑暗势力似乎在暗暗滋长，揭开谜团的关键就在有凶恶的三头犬守护的房间内。哈利、罗恩和赫敏三个好朋友决定探个究竟。
何处是我朋友的家,1987,1987-07-01,"剧情,冒险",83,79,波斯语,阿巴斯·基亚罗斯塔米,,简介,伊朗的偏僻山村小学里，一群孩子在课堂里聆听老师讲课。在检查作业的时候，老师发现穆罕德屡次没有完成家庭作业，于是严厉地批评了他，说如若再犯立马开除。老师对学生强调这是帮助他们树立良好的规矩。当天放学后，小男孩阿穆德却赫然发现自己把同桌穆罕德的作业本带回了家。听懂了老师的谆谆善诱，所以阿穆德明白这作业本就是穆罕德继续听讲的凭证。为了把作业本还给同桌，阿穆德曾希望母亲和祖父可以施以援手，但是均告失败。所以，他只能孤身前行，到对面大山里的村落去寻找同桌，归还作业本。然而，由于不认识同桌的家，所以他处处碰壁，遭遇到了无法想象的艰难险阻……
愤怒的公牛,1980,1980-11-14,"剧情,历史",129,79,英语,马丁·斯科塞斯,保罗·施拉德,我不会为任何人低头。,通过这幅令人血脉喷张的自我毁灭式雄性气概肖像，马丁·斯科塞斯创造了现代电影中一部真正伟大且具远见的作品。罗伯特·德尼罗倾注其鲜血、汗水与蛮悍身躯，塑造了荣获奥斯卡奖的杰克·拉莫塔——这位来自布朗克斯的崛起中量级拳击手，其狂暴野心推动他在拳坛获得成功，但不受控的偏执与嫉妒却撕裂了他与身边所有人的关系，包括他的兄弟兼经纪人（乔·佩西 饰）以及美艳世故的妻子（凯西·莫拉蒂 饰）。塞尔玛·斯昆梅克获得奥斯卡奖的剪辑、迈克尔·查普曼极具触感的黑白摄影，以及弗兰克·沃纳匠心独运的音效设计，共同使本片成为一部多层次暴力（身体、情感、心理与精神）的独特而震撼的探索。[标准收藏]
基督山伯爵,2024,2024-06-28,"冒险,动作,剧情",178,79,法语,亚历山大·德·拉·巴特里耶,马修·德拉波特,"This is not vengeance, this is justice.",1815年，在马赛的城墙之内，埃德蒙·唐泰斯因一项他未曾犯下的罪行而被囚禁在坚固的伊夫堡监狱中。经历了十四年的监禁，他最终精心策划了逃脱，并开始了一场精心设计的复仇之旅。唐泰斯化身为多个身份，其中之一是“基督山伯爵”，他首先接近那些如今身居高位的敌人，以便更好地将他们击倒。但复仇的代价对灵魂来说是沉重的……
你们所有人的脸,2023,2024-04-23,剧情,115,79,法语,Jeanne Herry,,简介,加害人与受害者可以共处一室敞开心扉吗？教化和治愈可以同时进行吗？我们需要这种修复式司法吗？因为起诉哥哥强奸而众叛亲离的妹妹在哥哥出狱后要如何面对这一切呢？这是一次充满人文关怀却不煽情的的现代影像沉浸式体验，你不需要相信加害人能够与受害者共情，也不需要探讨加害人是否真正能有悔过之心，因为对受害者而言，就算是瞬间的和解也可以短暂放过自己，解铃还须系铃人，你已经学会了恨，接下来要学着怎样去爱了。
爱乐之城,2016,2017-02-14,"喜剧,剧情,爱情",128,79,英语,达米恩·查泽雷,,献给，那些追梦的人。,心怀演员梦想的米娅在试镜间隙为电影明星端送拿铁，而执着于爵士乐的塞巴斯汀则在昏暗酒吧靠弹奏钢琴曲勉强度日。然而当事业渐有起色，两人不得不做出抉择，这些决定逐渐磨损着他们如薄纱般的恋情，那些曾奋力彼此守护的梦想，此刻却可能将彼此撕裂。
徒手攀岩,2018,2019-09-06,"纪录,冒险",100,79,英语,金国威,伊丽莎白·柴·瓦沙瑞莉,无保护无辅助攀岩 3000英尺生死挑战,本片是一部震撼、直观且不加修饰的纪录片，真实记录了无保护攀岩者亚历克斯·霍诺尔德为实现毕生梦想所做的准备：在无绳索保护的情况下，攀登世界上最具标志性的岩壁——约塞米蒂国家公园高达914米（3000英尺）的埃尔卡皮坦峰。
鳄鱼波鞋走天涯,1995,1995-04-21,"剧情,家庭",97,79,英语,彼得·霍顿,罗伯特·库恩,The best cure for a disease is friendship.,故事发生在一个宁静的小镇里，德斯特（约瑟夫·梅泽罗 Joseph Mazzello 饰）和艾瑞克（布拉德·兰弗洛 Brad Renfro 饰）是一对毗邻而居的同龄人。一场医疗事故打破了德斯特的平静生活，由于医疗设备的污染，德斯特在输血的过程中感染了可怕的艾滋病。尽管不幸从天而降，并非谁的过错，但德斯特一家还是遭到了居民们的孤立和排挤。在大家眼里，艾瑞克是一个让人头疼的孩子，性格孤僻的他似乎和谁都处不好关系。某一日，隔着一道竹篱笆，艾瑞克和德斯特相遇了。性情相似的两人很快就结为了好友，艾瑞克想方设法的想要治好德斯特的病，在诸多治疗都以失败告终之后，艾瑞克毅然决然的带着德斯特踏上了求医之旅。 ©豆瓣
西蒙娜：世纪之旅,2022,2022-10-12,"剧情,历史",140,79,法语,奥利维埃·达昂,,We are responsible for what will unite us tomorrow,影片回溯了西蒙娜·韦伊的一生，她的童年，她的政治斗争，她的悲惨遭遇。一位拥有非凡事业的女性的史诗般的私密写照，西蒙娜捍卫人道主义价值，震撼了她的时代。  西蒙娜是纳粹大屠杀的受害者和幸存者，在奥斯维辛集中营总共待了十三个月。年17岁的西蒙娜，看到了人可以非人到何种程度，直至步入老年，某种特殊的味道，一丝寒冷，哪怕一个幻象都能让她产生一种被她称为闪回的东西，勾起模糊而残酷的记忆。“在我们能读到的和人们能写出来的东西与那种绝对的恐怖相比，根本就是小巫见大巫。”（自述《比克瑙集中营的黎明》）。  战后，西蒙娜带着无法抹去的记忆创伤前行，她在巴黎政治学院学习法律和政治学，之后进入政界。1954年，她通过司法考试，成为了一名法官，并处理了阿尔及利亚的监狱问题；1974年，西蒙娜担任法国卫生部部长，主持通过了“韦伊法案”（《自愿终止妊娠法》），为法国女性争取到了自愿堕胎的权利。1979至1982年期间担任欧洲议会主席。2008年，西蒙娜当选法兰西学院院士。
触碰的双手,2018,2019-05-10,"战争,剧情,爱情",122,79,英语,Amma Asante,,简介,1944年的德國正值世界大戰，少女蕾娜的母親是德國人、父親是非裔，她因為膚色飽受壓迫；然而，她和希特勒的青年軍魯茲情不自禁地墜入愛河，為此兩人更陷入險地...
死亡笔记特别篇：幻影之神,2007,2007-08-31,"电视电影,犯罪,剧情,奇幻,惊悚,动画",131,79,日语,荒木哲郎,小林靖子,简介,硫克的回忆录。  死神硫克将“死亡笔记”遗落人间，被人天才少年夜神月拾得。月用“死亡笔记”制裁了许多法律未能制裁到的罪犯，誓要创造一个理想中的世界。  国际刑警组织ICPO注意到了一连串的死亡事件，请来天才侦探L协助调查，与月斗智斗勇......
兰闺惊变,1962,1962-10-31,"剧情,恐怖,惊悚",135,79,英语,Robert Aldrich,亨利·法雷尔,"Sister, sister, oh so fair, why is there blood all over your hair?",宝贝·珍妮·汉德森（贝蒂·戴维斯 Bette Davis 饰）曾是风靡一时的童星，整个汉德森家都依靠她的收入过活，这使她的性格变得日益扭曲和跋扈。比起珍妮，作为姐姐的布兰奇·汉德森（琼·克劳馥 Joan Crawford 饰）不过是一只不足挂齿的丑小鸭，不仅妹妹对自己视若无睹，就连父亲对她都大呼小叫态度恶劣，忍气吞声的布兰奇在心中埋下了仇恨的种子。成年后的姐妹两地位发生了逆转，珍妮的愚蠢和怪癖让她逐渐过气，而颇有姿色的布兰奇倒是在演艺圈获得了空前的成功，尽管布兰奇处处提携珍妮，但珍妮无法平衡内心的落差，总是想方设法和姐姐作对。
我仍在此,2024,2025-05-03,"剧情,历史",138,79,葡萄牙语,马塞洛·鲁本斯·派瓦,沃尔特·塞勒斯,当一位母亲的勇气挑战暴政时，希望便得以重生。,1971年，巴西：整个国家正深陷军事独裁统治的高压控制。当一个家庭的平静生活被恣意暴行无情击碎，一位母亲被迫踏上重塑自我的道路。影片改编自马塞洛·鲁本斯·派瓦的畅销回忆录。
阿尔及尔之战,1966,1966-09-08,"剧情,战争,历史",121,79,意大利语,吉洛·彭泰科沃,佛朗哥·索利纳斯,震撼世界的起义！,吉洛·蓬泰科尔沃执导，是影史最具影响力的政治电影之一，生动再现了二十世纪五十年代阿尔及利亚脱离法国殖民统治的独立斗争中一个关键年份的动荡景象。随着双方暴力冲突不断升级，儿童在近距离射杀士兵，女性在咖啡馆安置炸弹，法国士兵则以酷刑手段试图瓦解起义者的意志。影片以纪实风格在阿尔及尔街头拍摄，通过对恐怖袭击及其镇压手段的冷峻刻画，成为现代战争研究的一部经典范本。这部杰作至今仍具有惊人的现实意义。
奇迹创造者,1962,1962-05-23,"剧情,历史",106,79,英语,阿瑟·希勒·佩恩,威廉·吉布森,An emotional earthquake!,影片讲述了安妮·沙利文奋力教导又盲又聋的海伦·凯勒学习沟通的故事。
汉纳·盖茨比告别秀：娜娜,2018,2018-06-19,喜剧,69,79,英语,Madeleine Parry,Jon Olb,Behind every joke there is a story,澳洲知名喜剧人汉纳·加斯比在悉尼歌剧院的告别演出……
绵羊侦探团,2026,2026-05-16,"喜剧,家庭,悬疑",109,79,英语,凯尔·巴尔达,Leonie Swann,风吹草动见群羊 真相大白靠外行,影片改编自莱奥妮·斯万的畅销小说。牧羊人乔治最爱给羊群读侦探小说，没想到自己有一天会离奇死亡。他留下的3000万巨额遗产，让每个人貌似都有犯罪动机。警察毫无头绪之时，羊群们决定“不务正业”迈出牧场，追查牧羊人“躺平”真相！它们秉承着遇见麻烦就吃草，嗅到危险就躺倒的哲学，却迎来了一个意想不到的结果……
健听女孩,2021,2021-08-13,"剧情,音乐,爱情",111,79,英语,夏安·海德,,每个家庭都有自己的语言,故事聚焦一个聋哑家庭中唯一有听觉的高中女孩鲁比，她每天都要帮助父母和哥哥操持渔业生意，在加入高中合唱团后，鲁比对歌唱的热爱打动了合唱团长，团长决定让鲁比在梦想和家族之间做一个选择。
我的章鱼老师,2020,2020-09-07,纪录,85,79,英语,Pippa Ehrlich,詹姆斯·里德,她让我意识到野性之地有多么珍贵。,在花了数年时间拍摄地球上一些最危险的动物后，克雷格·福斯特疲惫不堪、情绪低落，并且家庭关系也陷入混乱之中。他决定暂停自己的事业，并回到家乡南非开普敦，重返海岸附近的海藻林，这里的神奇水下世界是他的原点。近十年来，克雷格每天都要在冰冷的海水中潜水，在地球上捕食者最密集的地方之一脱掉 潜水服和潜水装备。他遇到并追踪的普通章鱼最初是他的研究对象，然后成为了他的老师，向他展示了人类从未见过的东西。《我的章鱼老师》拍摄用时超过 8 年，拍摄了 3000 个小时，记录了独特的友谊和互动以及前所未见的动物智慧。
消失的爱人,2014,2015-04-16,"悬疑,惊悚,剧情",149,79,英语,吉莉安·弗琳,大卫·芬奇,直到失去，你才懂得曾经拥有的珍贵。,结婚五周年纪念日的早上，尼克·邓恩来到妹妹玛戈的酒吧，咒骂抱怨那个曾经彼此恩爱缠绵的妻子艾米以及全然看不见希望的婚姻。当他返回家中时， 却发现客厅留下了暴行的痕迹，而妻子竟不见了踪影。女探员朗达·邦妮接到报案后赶来调查，而现场留下的种种蛛丝马迹似乎昭示着这并非是一件寻常的失踪案，其背后或许隐藏着裂变于夫妻之情的谋杀罪行。艾米的失踪通过媒体大肆渲染和妄加揣测很快闻名全国，品行不端的尼克被推上风口浪尖，至今不见踪影的爱人对他进行无情审判，你侬我侬的甜言蜜语早已化作以血洗血的复仇与折磨……
恋恋笔记本,2004,2024-04-19,"爱情,剧情",123,79,英语,尼克·卡萨维茨,尼古拉斯·斯帕克斯,Behind every great love is a great story.,一个浸润着鲜红与纯白的爱情故事，写在一本洒满昏黄的笔记本上，被一位老先生(詹姆斯·加纳 饰)，一遍一遍的讲述。老太太(吉娜·罗兰兹 饰)总是静静的听着，好奇的追问结果。在一家疗养院，这样不变的场景每天都会上演。笔记本上，秀美的字迹，记载着发生在那个夏天的爱情。艾莉(瑞秋·麦克亚当斯 饰)是富有人家的千金，她随家人来到小镇避暑。在一个充满梦幻的游乐场，邂逅了诺亚(瑞恩·高斯林 饰)。诺亚没有钱，却活的很快乐。艾莉在他那学会了自由，得到了欢笑，两人很快热恋起来。然而在艾莉父母的阻挠下，相爱的两个人，就被分开在夏天结束的那一刻。随着诺亚的365封信被偷偷藏起，艾莉在7年后终于放弃了等待。就在她要步入教堂的前一天，突然在报纸上看到了诺亚曾许诺给自己建造的白色房子。一切记忆，全部苏醒……也许，应该苏醒的，不是故事中的，而是听故事的人。
布朗克斯的故事,1993,1993-10-01,"剧情,犯罪",121,79,英语,罗伯特·德尼罗,查兹·帕尔明特瑞,"One man lives in the neighborhood, another man owns it. A devoted father battles the local crime boss for the life of his son.",1960年代，纽约意大利人集结的布朗克斯区。黑帮老大辛尼（查兹·帕尔明特瑞 Chazz Palminteri饰）是当地赫赫有名的帮会人物。在一宗凶杀案现场，九岁的男孩安奴（弗朗西斯·卡普拉 Francis Capra饰）目睹了这一切。为了街区的名誉，安奴拒绝供出凶手就是辛尼，此事促使他俩展开一段俨如父子般的忘年友情。然而安奴的父亲罗兰逊（罗伯特·德尼罗 Robert De Niro饰）对此却并不赞成，唯恐儿子误入歧途。八年后，十七岁的安奴（李洛·布兰卡托 Lillo Brancato饰）已经成长为一名英俊少年。辛尼的势力正在逐渐扩大，安奴对辛尼愈发崇拜，对黑帮生活也更加向往。诚实正直的罗兰逊对儿子的忧虑越来越重。 　　由奥斯卡影帝罗伯特·德尼罗执导的电影处女作《布朗克斯的故事》，入围1993年第50届威尼斯国际电影节金狮奖。 ©豆瓣
第三人,1949,1949-09-01,"惊悚,悬疑",105,79,英语,卡罗尔·里德,格雷厄姆·格林,被男人追杀……受女人追捧！,低俗小说作家霍利·马丁斯来到阴影笼罩的战后维也纳，却发现自己竟开始调查一位老友——黑市投机者哈里·莱姆的神秘死亡。一段关于爱情、欺骗与谋杀的传奇由此展开。得益于约瑟夫·科顿、阿莉达·瓦利与奥逊·威尔斯的精湛表演，安东·卡拉斯那令人魂牵梦萦的齐特琴配乐，格雷厄姆·格林如刀锋般锐利的对白，以及罗伯特·克拉斯克对光影极具张力的运用，卡罗尔·里德执导的这部影片历经岁月洗礼，愈显其不朽地位。
月球旅行记,1902,2012-06-19,"冒险,科幻,喜剧",14,79,法语,乔治·梅里爱,儒勒·凡尔纳,The first science fiction film!,天文学院院长（乔治·梅里爱 Georges Méliès 饰）在一次会议上提出天马行空的月球旅行计划。他和另五名大胆的天文学家监制出了炮弹舱和大炮，并在军队的帮助下乘坐炮弹舱顺利登月。兴奋过后六名天文学家精疲力竭的在月球表面睡去，浑然不知许多星星悄然观察着他们熟睡的样貌。最后一场寒冷的降雪唤醒了他们。众人躲藏到地洞中却不慎用雨伞惊扰了月球人，于是一场慌乱的冒险开始了……  　　本片是科幻电影的开山之作，灵感来源于儒勒·凡尔纳的小说《从地球到月球》和H·G·威尔斯的小说《最早登上月球的人》。影片于1902年发行了黑白版和手绘彩版，全长约14分钟。后结局与彩版一度失传。1993年，受损严重的彩版拷贝被私人收藏家捐赠给西班牙巴塞罗那电影资料馆；2002年，结局“凯旋而归”在法国被重新发现。影片修复计划持续十余年。  　　2011年，影片的彩色完整修复版在戛纳电影节首映，以纪念梅里爱诞辰150周年，此时距离影片问世亦已过去109年。
蓝白红三部曲之红,1994,1994-09-14,"剧情,悬疑,爱情",99,79,法语,克日什托夫·基耶斯洛夫斯基,克日什托夫·皮耶谢维奇,命运的无形纽带。,克日什托夫·基耶斯洛夫斯基以宏大篇章为其《蓝白红三部曲》落下帷幕，在《红》中展开一场关于命运与偶然的炽热沉思。伊莲娜·雅各布饰演一位内心纯净却带着忧郁的日内瓦时装模特，她的人生轨迹与让-路易·特兰蒂尼昂饰演的愤世嫉俗的退休法官戏剧性地交汇。与此同时，仅隔数条街外，一场看似无关的嫉妒与背叛故事正在上演。本片以细腻笔触勾勒人与人之间意外的联结，堪称这位杰出导演在创作巅峰时期谱写的一曲辉煌终章。
铃芽之旅,2022,2023-03-24,"动画,剧情,冒险,奇幻",121,79,日语,新海诚,,门的那一边，存在着一切的时间——,生活在日本九州田舍的17岁少女·铃芽遇见了为了寻找“门”而踏上旅途的青年。追随着青年的脚步，铃芽来到了山上一片废墟之地，在这里静静伫立着一扇古老的门，仿佛是坍塌中存留的唯一遗迹。铃芽仿佛被什么吸引了一般，将手伸向了那扇门……不久之后，日本各地的门开始一扇一扇地打开。据说，开着的门必须关上，否则灾祸将会从门的那一边降临于现世。星星、夕阳、拂晓、误入之境的天空，仿佛溶解了一切的时间。在神秘之门的引导下，铃芽踏上了关门的旅途……
龙珠超：超级人造人,2022,2022-06-11,"动画,科幻,动作",96,79,日语,鸟山明,儿玉彻郎,A super awakening and calamity is born.,2022年6月11日上映的《龙珠》第21部剧场版动画，亦是《龙珠超》第2部剧场版动画。故事讲述了曾经被孙悟空击败的红绸军卷土重来，创造出了自称是超级英雄的人造人伽玛1号和伽玛2号。悟饭、比克与两位超级人造人狭路相逢，展开了激烈的对战……红绸军究竟在酝酿什么阴谋？地球危机迫在眉睫，是时候觉醒了，真正的“超级英雄”！
我的英雄学院：两位英雄,2018,2019-03-15,"动画,动作,冒险,奇幻",96,79,日语,Kohei Horikoshi,长崎健司,Who is your hero?,白炽的期末考试结束，暑假的林间集训等候了的英雄高中成员。德克和奥尔迈特受到某个人的邀请，我造访了漂浮在海外的巨大人口移动都市“I・爱岛”。全世界的科学研究者们的智慧汇集了的确实象科学好莱坞一样的岛展示了个性和英雄项目的研究成果的正在召开中德克与“无个性”的少女梅丽莎相遇。梅丽莎与曾经同样“无个性”的自己重合在一起。那时，突然以铁壁的安全自豪的爱兰的警备系统被敌人
恶魔,1955,1955-01-29,"惊悚,悬疑",114,79,法语,Henri-Georges Clouzot,布瓦洛-纳尔瑟雅克,"See it, be amazed at it, but...BE QUIET ABOUT IT!",德拉萨尔寄宿学校里，女教师克里斯蒂娜和丈夫、校长米歇尔·德拉萨尔感情不偕，德拉萨尔对待他妻子也很粗暴。克里斯蒂娜经过长时间考虑，决定摆脱丈夫，在另一个教师、女友尼古尔的劝说下，她们决定实施一个谋杀计划……
罗马假日,1953,1953-09-02,"爱情,喜剧,剧情",119,79,英语,伊恩·麦克莱伦·亨特,达尔顿·特朗勃,浪漫罗马恋爱史！,英国的安妮公主到罗马去访问，国务烦身，但她又厌倦繁文缛节。一天晚上，身心俱疲的她偷偷来到民间欣赏夜景，巧遇报社记者乔。二人把手同游，相当快乐。公主更是到乔的家中作客并在那过夜。不料乔无意中发现了公主的真实身份，他决定炮制一个独家新闻，于是乔偷拍了公主的很多生活照，看到了成名的曙光。然而，在接下来与公主的相处中，乔不知不觉恋上了公主。为了保护公主的形象，乔只能忍痛抛弃功成名就的良机，将照片送予了公主。安妮公主在经历了罗马一日假期后，反而体验了自己对国家的责任，毅然返回了大使馆，为了本身的责任而果断抛弃了爱情。
捕风追影,2025,2025-08-16,"动作,犯罪,剧情,惊悚",141,79,-,杨子,,他正在为一项危险任务训练新一代执法者，以从冷酷无情的罪犯手中拯救世界。,一伙天才盗匪劫走数亿资产，却凭借超强反侦察能力全身而退，戏耍警方“天眼”系统。一筹莫展之际，澳门司警局请回了隐退多年的跟踪专家黄德忠（成龙 饰），他培养年轻司警何秋果（张子枫 饰）等人，重组“神秘跟踪队”，最终锁定了盗匪团的幕后狼王傅隆生（梁家辉 饰）。当警方布下天罗地网之时，盗匪团也设下局中局，斗智斗勇斗心眼，一场高端猫鼠局拉开帷幕……
宾虚,1959,2017-06-19,"历史,剧情,冒险",212,79,英语,威廉·惠勒,Lew Wallace,The entertainment experience of a lifetime!,一位犹太王子遭罗马友人背叛沦为奴隶，重获自由后归来复仇。
爸爸的小提琴,2022,2022-01-21,"剧情,音乐",112,79,土耳其语,Andaç Haznedaroğlu,,简介,因为共同的悲伤和与音乐的联系，一名孤女和感情冷漠但事业有成的小提琴家叔叔建立了感情。
神奇队长,2016,2016-07-08,"剧情,喜剧",119,79,英语,马特·罗斯,,He prepared them for everything except the outside world.,在太平洋西北部的森林深处，与世隔绝，一位慈爱的父亲全心全意地试图将自己六个年幼的孩子培养成出色的成年人。但当灾难降临，他们被迫离开了自己创建的天堂，开始走向外面的世界。这不仅挑战了他对“家长“这个角色的理解，也让孩子们开始怀疑父亲所教给他们的一切。
意大利式离婚,1961,1961-12-20,"喜剧,犯罪",105,79,意大利语,Pietro Germi,Alfredo Giannetti,He ordered marriage on the rocks with a twist... Italian Style!,本片讲述西西里的没落贵族洁法洛男爵对现在的胖妻罗沙莉亚感到厌恶，同时发现其漂亮的表妹安琪拉正钟情于自己，他想离开他的妻子。然而当时意大利的法律是不充许离婚的。所以他想出了一条毒计，用妻子以前的情人关系制造红杏出墙的情形，然后再杀死她。在当时极重体面的社会情况下他的判刑也会比较轻。事情一切都在他的预料中发展，男爵也理所当然的追杀了他的结发妻子，而他却只判了一年半的刑。等他出来和他表妹结合时，面临的是同样的命运，表妹也因厌倦男爵而另寻新欢。面对他的是同样的命运逐渐降临他的头上。在意大利国境内，由于宗教的戒律，而有离婚禁止法，由于此法的存在，使得貌合神离的夫妻十分痛苦。本片正是针对此种不合情理的法律条文，以喜剧的形式给予讽刺，实为一杰作。导演的手法更是绝妙异常，将西西里地方的风俗巧妙的描述出来，同时当代喜剧圣手马塞罗．马斯特罗阿尼演起来驾轻就熟，也大大地发挥了他的才华和演技。
因父之名,1993,1993-12-27,剧情,133,79,英语,吉姆·谢里登,特里·乔治,In the name of truth... In the name of justice... In the name of love.,奥斯卡奖得主丹尼尔·戴-刘易斯在这部扣人心弦的剧情片中献上了充满激情的表演，影片映照了一名男子长达十五年、最终战胜沉重不公的顽强抗争。[环球影业]
正义联盟：闪点悖论,2013,2013-07-30,"动画,动作,科幻",81,79,英语,杰罗姆·西格尔,保罗·诺里斯,动画 / 科幻 / 动作 / 冒险 / 奇幻,本片根据DC漫画2011年的大事件“闪点”改编。闪电侠巴里·艾伦一觉醒来，发现整个世界时间线都被改变了，自己不再是闪电侠，没有了超能力，而年幼时去世的母亲居然活生生站在自己面前。不仅如此，正义联盟也从没存在过，世界即将毁灭于神奇女侠带领的亚马逊人和海王手下的亚特兰蒂斯人之间的大战。巴里找到高谭市的蝙蝠洞，发现那晚在犯罪巷死去的不是韦恩夫妇，而是布鲁斯，布鲁斯的父亲托马斯成为了手段狠辣的蝙蝠侠。在说服了托马斯之后，巴里断定反派逆闪电是造成这一切的罪魁祸首，试图恢复自己的能力，修正被改得一塌糊涂的时间线。
七号房的礼物,2013,2013-01-23,"剧情,喜剧",128,79,朝鲜语,李焕庆,金英石,"If caught, they're all doomed!",1997年，只有6岁儿童智商的智障男子李龙久（柳成龙 饰）和可爱的女儿艺胜（葛素媛 饰）相依为命，生活虽然简单清贫，却充满幸福。某天，执着为女儿买美少女战士书包的龙久意外卷入一起幼童诱拐奸杀案，而死者竟是警察局长的女儿。龙久懵懂无知，搞不清状况，昏头昏脑就被投入监狱。在7号牢房中，聚集着走私犯苏杨浩（吴达洙 饰）、诈骗犯崔春浩（朴元尚 饰）、通奸犯姜万范（金正泰 饰）、恐吓犯老徐（金基灿 饰）和抢劫犯申奉植（郑万植 饰）等五毒俱全的“社会渣滓”。龙久孩子般纯洁的心渐渐感动了这几个“大坏蛋”，他们甚至不惜冒险将艺胜带入牢房与父亲相会。黑暗冰冷的监牢内，7号牢房阳光满满……
当幸福来敲门,2006,2008-01-17,剧情,117,79,英语,加布里埃尔·穆奇诺,史蒂文·康拉德,最难的时刻总会过去,克里斯·加纳（威尔·史密斯 Will Smith 饰）用尽全部积蓄买下了高科技治疗仪，到处向医院推销，可是价格高昂，接受的人不多。就算他多努力都无法提供一个良好的生活环境给妻儿，妻子（桑迪·牛顿 Thandie Newton 饰）最终选择离开家。从此他带着儿子克里斯托夫（贾登·史密斯 Jaden Smith 饰）相依为命。克里斯好不容易争取回来一个股票投资公司实习的机会，就算没有报酬，成功机会只有百分之五，他仍努力奋斗，儿子是他的力量。他看尽白眼，与儿子躲在地铁站里的公共厕所里，住在教堂的收容所里……他坚信，幸福明天就会来临。
流浪猫鲍勃,2016,2016-11-04,"家庭,剧情",103,79,英语,罗杰·斯波蒂斯伍德,加里·詹金斯,Sometimes it takes nine lives to save one,改编自真实事件。家庭的破裂令詹姆斯（卢克·崔德威 Luke Treadaway 饰）遭受了巨大的打击开始自暴自弃，他染上了毒瘾，身无分文，成为了一名流连在街头的卖艺者。瓦尔（琼安·弗洛加特 Joanne Froggatt 饰）是负责詹姆斯的戒毒所医生，在她的帮助下，詹姆斯终于有了一个能够遮风挡雨的家，瓦尔坚信詹姆斯能够凭借自己的意志，彻底摆脱毒品的诱惑。某日，一只流浪猫闯进了詹姆斯的家，詹姆斯收养了它，给它取名鲍勃，当詹姆斯离开家走上街头卖艺的时候，鲍勃跟在他的身边寸步不离。很快，这一人一猫的组合便吸引了过路人的注意， 詹姆斯的经济状况因此得到了巨大的改善，与此同时，詹姆斯结识了住在隔壁的女子贝拉（鲁塔·盖德敏塔斯 Ruta Gedmintas 饰），在贝拉的身上，詹姆斯重新燃起了对爱的渴望。
失衡生活,1983,1983-04-27,"纪录,音乐",86,79,英语,Godfrey Reggio,罗恩·弗里克,Life out of balance,"1983年，受 IRS (Institute of Regional Study) 委托，导演雷吉奥拍出了一部非叙事性的电视片，在这基础上，Qatsi系列第一部惊世之作《失衡生活》(Koyaanisqatsi)应运而生。在得到了包括卢卡斯、科波拉等人的大力支持与推广之后，《失衡生活》在当时形成了轰动性的效果。""KOYAANISQATSI""是美国印第安族霍皮人的方言，意指失去平衡的生活。导演高夫瑞·雷吉奥在这部历时八年制作的记录片中采用了创新的电影语言，全片没有情节、角色及对白，完全依靠影像及配乐。"
恶人传,2019,2019-05-15,"动作,犯罪,惊悚",110,79,朝鲜语,李元泰,,别让魔鬼得逞。,一个雨夜里，凶狠的宙斯帮老大张东秀正开车回家，路上突然被人撞了一下。他刚下车就遭到了毫无预警的袭击，身负重伤的他迅速回击才勉强捡回一条命，但是作为黑帮老大的名声却受到了重创。唯一修复自己名声的办法，就是找到攻击自己的凶手再狠狠地报复回去。张东秀决定和警探郑泰锡合作，郑警探相信这个攻击者正是自己追踪中的连环杀手。郑警探的上司对他的推理不屑一顾，表示并没有任何证据可以支撑他的猜想。因为这个杀手没有留下过任何证据，别无他法的郑警探只能用张东秀的资源来收集关于连环凶手的信息，试图通过相似的作案手段来找到凶手。各自拥有才能和资源的两人联手，开始找寻这个代号为“K”的连环杀手。追寻同一个“猎物”的两人也立下了一条规则：谁先找到，谁就能凭自己的意愿处置他！
驭风男孩,2019,2019-02-14,"剧情,历史",113,79,英语,切瓦特·埃加福,,简介,改编自William Kamkwamba所著自传《驭风男孩》（The Boy Who Harnessed The Wind），讲述一个改变人生的故事：Kamkwamba本人在13岁那年，以小块金属废料、旧自行车零件和木材修建了风轮机，拯救了自己的村庄。  13岁的Kamkwamba因家里没钱交80美元一年的学费而被学校开除，热爱学习的他溜到学校的图书馆，找到了一种拯救饥荒村庄的方法：用父亲的自行车的主架打造了一个简陋但可行的风车，为西部地区提供了急需的电力，不受政府断电的干扰。这个发明也让Kamkwamba得到马拉维一名教授的资助，获得学校的奖学金，并于非洲大陆其他的发明者进行深入交流。
寻找小糖人,2012,2012-07-27,"音乐,纪录",85,79,英语,Malik Bendjelloul,Craig Bartholomew Strydom,Great Art Always Survives,罗德里格斯在上世纪70年代发行过两张专辑《Cold Fact》与《Coming From Reality》，在南非有超过50万的销量且知名度可与滚石乐队相提并论。但与其他知名的美国歌手不同，南非的歌迷得不到任何一点关于罗德里格斯的信息，除了专辑歌曲之外唯一能了解的只有专 辑封面上一张并不清晰的相片。两张专辑后，他好像也就此销声匿迹。对于在南非的辉煌成绩，罗德里格斯其实并不知情，他在美国过着截然不同的生活，没有知名度，专辑销量不佳，被唱片公司抛弃，曾经一度做着装修屋顶的体力活。南非开普敦一家唱片店老板斯蒂芬与音乐记者克雷格听到罗德里格斯在舞台上奇特自杀的传闻后展开调查，寻找小糖人之路就此开始，一段神秘的传奇故事就此展开。
冬日之光,1963,1963-02-11,剧情,81,79,瑞典语,英格玛·伯格曼,,简介,埃里克森牧师在瑞典一小镇宣扬基督的爱，认为爱是上帝存在的证明，但围绕在他身边发生的事却弥漫着世界末日的气息，因为他与人全无沟通。上承《犹在镜中》，下启《沉默》的《信仰三部曲》中间作品，场景集中（室内剧形式），时间短促（发生在一天内），虽然简洁但传递出深刻的涵义。
小鞋子,1997,1999-01-22,"剧情,家庭",89,79,波斯语,马吉德·马吉迪,,一个小秘密……他们最大的冒险！,家境贫寒的男孩Ali（Amir Farrokh Hashemian 饰）帮妹妹Zahra（Bahare Seddiqi 饰）取修补好的鞋子时，不慎将鞋子弄丢，为了不被父（Mohammad Amir Naji 饰）、母（Fereshte Sarabandi 饰）责罚，他央求Zahra暂时保密，说两人可以替换着穿他的鞋子上学，并答应一定会帮她买双新鞋子。Ali原本指望用他和父亲进城打工挣的钱帮Zahra买双新鞋，父亲的意外受伤打消了他的美梦。看到全市长跑比赛季军的奖品是一双运动鞋时，Ali决定参加比赛，但是他错过了报名日期。几经哀求，老师（Dariush Mokhtari 饰）破例让实力出众的Ali参加了比赛。比赛场上，Ali不断提醒自己，一定要得第三名！
伊凡雷帝：回到未来,1973,1973-09-17,"喜剧,科幻",88,79,俄语,Leonid Gaidai,Vladlen Bakhnov,简介,年轻有为的科学家舒立克·迪墨菲耶夫在家全心全力地大搞科学发明实验，并且一而再再而三三而四四而五……地将自己所住的公寓搞停电。伊万?瓦西里耶维奇同志代表广大人民群众的心声前来投诉，却被他拉入了新发明的时光机的首航实验。与此同时，梁上君子米罗斯拉维斯基在牙医家爆窃时恰好与参与“近距离首航”穿越的二人相遇，几番糊弄之下，三人共同穿越到了古代俄罗斯伊凡雷帝的宫殿之上，以为恶魔降临的沙皇陛下落荒而逃，在舒立克的追逐之下进入到现代，而伊万同志与小偷君则留在古代被卫兵追来逐去。混乱之中时光机被意外损坏，由于长相酷似沙皇，伊万同志万般不愿也唯有听从小偷同志的建议扮作“雷”帝与众人周旋……另一边，沙皇同志则呆在舒立克家，毫无疑问地制造着一连串的误会与混乱……
记忆之夜,2017,2017-11-29,"惊悚,悬疑,犯罪",109,79,朝鲜语,张恒俊,,锁定。删除。控制。隔离。模糊。,真希(姜河那 饰)一家人在一次车祸中，父母丧生，哥哥在医院抢救，需要金钱救治，真希在走投无路的情况下，接到一单以杀人为代价的“生意”，在行凶过程中，由于良知发现，本想放弃行凶，却误杀了目标和她的女儿，真希对此事极度痛苦，选择性的失去了此段过程的记忆。目标的幼子(金武烈 饰)长大后对家人遇害一事一直没有放弃追查真相，当发现真希就是杀人凶手并且对行凶过程没有记忆后，精心布置了许多假象，意在揭开当时的真相，当真相大白后，却令人唏嘘不已。
互联网之子,2014,2014-06-27,"纪录,犯罪",105,79,英语,Brian Knappenberger,,互联网之子：亚伦·斯沃茨的故事,本片《互联网之子》讲的是编程天才和信息活动家 亚伦·斯沃茨 的故事。  从参与基础互联网协议RSS到联合创办Reddit，斯沃茨的足迹遍及整个互联网。  但斯沃茨在社会公正和政治组织方面的开创性工作，以及对信息存取的雄心壮志，  使他陷入了一场两年之久的法律噩梦。  这场战斗最终以他结束自己26岁的生命而收场。  亚伦的故事也触动了对他如雷贯耳的网络社区之外的人们。
蝴蝶梦,1940,1940-03-23,"悬疑,爱情,剧情",130,79,英语,阿尔弗雷德·希区柯克,达夫妮·杜穆里埃,“昨晚我梦见自己又去了曼德利……”,浪漫故事在阿尔弗雷德·希区柯克精心雕琢的本片中演变为心理剧，这也是他进军好莱坞的首部作品。影片如梦似幻地改编自达芙妮·杜穆里埃1938年的小说，由迷人的琼·芳登饰演一位年轻女子，她以为自己觅得心之所向，嫁给了风度翩翩的贵族鳏夫迈克西姆·德温特（劳伦斯·奥利弗以敏锐的脆弱感诠释）。然而，当她搬进曼德利庄园——丈夫那座巴洛克风格的祖传宅邸——便很快发现，已故的前妻不仅萦绕着这座城堡，更深深困扰着性情多变、忧郁沉思的迈克西姆。作为希区柯克与制片人大卫·O·塞尔兹尼克传奇合作的起点，这部哀婉的哥特式影像由乔治·巴恩斯以惊艳的黑白摄影呈现，荣获奥斯卡最佳影片与最佳摄影奖。[标准收藏]
雷米奇遇记,2018,2018-12-12,"冒险,家庭,剧情",109,79,法语,Antoine Blossier,Hector Malot,简介,《雷米奇遇记》主人公雷米原型取自世界经典名著《苦儿流浪记》。10岁的雷米被养父卖给街头艺人维塔利斯，雷米和维塔利斯、小狗、猴子开启了环游法国演艺之旅。维塔利斯教他识字、挖掘他唱歌的天赋。雷米体味旅行艺人的坎坷人生，学会生活、交朋友，维塔利斯像父亲和恩师一样滋养他。一首从小就在雷米心中流淌的神秘摇篮曲，牵引着雷米慢慢发现自己真实的身份，雷米的人生开始面临巨大的挑战和改变……
影子部队,1969,2017-10-28,"战争,剧情,惊悚,历史",140,79,法语,让-皮埃尔·梅尔维尔,约瑟夫·凯塞尔,背叛。忠诚。合作。抵抗。,这部由曾亲身参与法国抵抗运动的黑色诗人让-皮埃尔·梅尔维尔执导的悲剧杰作，改编自约瑟夫·凯塞尔的小说，记述了抵抗运动战士的挣扎与牺牲。利诺·文图拉、保罗·默里斯、让-皮埃尔·卡塞尔与无与伦比的西蒙娜·西涅莱饰演无畏的地下战士，他们在对抗希特勒政权的斗争中必须直面自身对荣誉的抉择。这部氛围凝重、扣人心弦的惊悚片长期在法国未受重视，更曾在美国湮没无闻，如今被公认为梅尔维尔职业生涯的巅峰——他将黑帮片中精妙的极简主义手法注入抵抗叙事，铸就了一部面对不可逾越之敌时的不屈抗争的冷峻史诗。[标准收藏]
我在伊朗长大,2007,2007-06-27,"动画,剧情",96,79,法语,玛嘉·莎塔琵,Vincent Paronnaud,The film Iran didn't want the world to see.,本片是一个年轻女孩在伊朗伊斯兰革命时期的动人故事。透过早慧直言的九岁玛嘉的眼睛，我们看到当原教旨主义者掌权后人民的希望如何破灭——他们强制妇女佩戴头巾，并囚禁了成千上万的人。机智而无畏的玛嘉智斗“社会卫士”，发现了朋克音乐、ABBA乐队和铁娘子乐队。然而，当她的叔叔被无故处决，两伊战争的炸弹在德黑兰落下时，渗透在伊朗日常生活中的恐惧变得清晰可触。[索尼经典]
杀死比尔2,2004,2004-04-16,"动作,犯罪,惊悚",137,79,英语,昆汀·塔伦蒂诺,乌玛·瑟曼,新娘归来，只为那最终的剪裁。,“黑蛇”（乌玛•瑟曼 Uma Thurman 饰）继续上一集未完的复仇之旅。探听得知，前比尔的贴身保镖“响尾蛇”洗手不干后住在得克萨斯州的奥斯汀。当她晚上悄悄溜到“响尾蛇”住的拖车上时，却中了埋伏，被“响尾蛇”用枪击中胸部并被麻醉了。  “响尾蛇”将“黑蛇”装到棺材里填埋 了。此时，“黑蛇”苏醒过来，运用她的师傅白眉老道所传授的功夫从棺材里脱身。当她回到“响尾蛇”所住的拖车时，发现“响尾蛇”和另一个追杀目标“加利福尼亚蛇”正在交易她随身携带的宝刀。打斗中，“加利福尼亚蛇”放出的巴曼蛇咬死了“响尾蛇”。  “黑蛇”终于见到比尔了，并揭开了自己满门被杀的真相。
玛丽和麦克斯,2009,2025-08-08,"动画,喜剧,剧情",90,79,英语,亚当·艾略特,,有时候，素不相识的人却能成为最好的朋友。,1976年，8岁的玛丽·黛西·丁格尔（贝丝妮·惠特摩尔 Bethany Whitmore 配音）是澳大利亚墨尔本的一个小女孩，喜欢动画片“诺布利特”、甜炼乳和巧克力。玛丽的妈妈是个酒鬼，而在茶叶包装厂工作的父亲平日只喜欢制作鸟标本。孤独的玛丽没有朋友，某一天心血来潮给美国纽约市的马克思·杰瑞·霍罗威茨（菲利普·塞默·霍夫曼 Philip Seymour Hoffman 配音）写了一封信询问美国小孩从哪里来，并附上一根樱桃巧克力棒。44岁的马克思患有自闭症及肥胖，碰巧也喜欢看“诺布利特”动画片及吃巧克力。二人的笔友关系从1976年维持到1994年，期间各自经历了许多人生起伏，直到成年的玛丽（托妮·科莱特 Toni Collette 配音）终于来到纽约看望马克思……本片获2009年法国昂锡国际动画影展最佳动画长片奖，柏林国际电影节水晶熊奖及渥太华国际动画电影节最高奖。
奥德赛,2026,2026-08-14,"冒险,动作,奇幻",173,79,英语,克里斯托弗·诺兰,荷马,违抗神明，逆天而行,特洛伊战争结束后，伊萨卡国王奥德修斯踏上了返回家乡的艰险旅程。
凛冬烈火：乌克兰为自由而战,2015,2015-09-04,纪录,98,79,英语,Evgeny Afineevsky,Den Tolmor,The next generation of revolution.,纪录片在乌克兰骚乱期间，2013和2014，作为学生游行支持欧洲一体化发展成暴力革命呼吁总统亚努科维奇辞职。
秋刀鱼之味,1962,1962-11-18,剧情,112,79,日语,小津安二郎,野田高梧,简介,小津安二郎的遗作亦是他最后的杰作，影片以温柔而感伤的目光，凝视一个男人如何在时代变迁与社会现代化进程中，对生命流转保持从容的接纳。丧妻多年的平山周平长期与成年女儿相依而居，随着一连串事件的展开，他最终选择接受并促成了女儿的婚事与离家。这部承袭了这位日本电影大师一贯的优雅细腻与含蓄哀愁的作品，堪称电影史上最深情的告别。[标准收藏公司]
一周,1920,1920-08-29,喜剧,19,79,No Language,爱德华·克莱因,巴斯特·基頓,两卷令人捧腹的欢乐片段，源自蜜月者的考验......,本部黑白短片讲述一对儿新婚燕尔的小夫妻，在一个星期里搭建他们的“便携式新房”的温馨小故事。九号礼拜一：他们开始按序号搭建这座“便携式新房”，可惜弄错了号码；十号礼拜二：七扭八歪极具后现代主义的新房初具规模；往后的几天里，在搭建屋内的过程中，更是发生了诸多意想不到的小插曲；十三号礼拜五，他们终于如期完成了房子的搭建，大摆筵席，可是突如其来的风波，又将如何上演，最后是否会是happy ending呢？
流行乐最传奇一夜,2024,2024-01-19,"纪录,音乐",97,79,英语,Bao Nguyen,,"The untold story behind ""We Are the World.""",1985 年 1 月的一个夜晚，音乐界最大牌的明星聚在一起，录制《四海一家》。这部纪录片带我们走进该历史性事件的幕后。
小人物,2021,2021-03-26,"动作,惊悚",91,79,英语,伊利亚·奈舒勒,德里克·科尔斯塔,Never underestimate a nobody.,作为一家之主的哈奇是个无名之辈。这位郊区的一家之主被大多数人无视，从不引人注目。当两个罪犯深夜闯入他家时，他发现自己无力保护自己和家人，因为他想不惜一切代价避免暴力。因此，他的儿子布雷迪失望地疏远了他，妻子贝卡也与他更加疏离。然而，这次入室盗窃触动了哈奇。他突然怒火中烧，揭示出深藏的黑暗面，驱使他走上了一条充满暴力的道路……
我不在此,2019,2019-10-21,剧情,112,79,西班牙语,Luis Fernando Frías de la Parra,,简介,故事讲述在墨西哥蒙特雷的山区，一个名为“ Los Terkos”的街头小伙子们度过了整整一天的时间，听着慢下来的哥伦比亚音乐，参加舞会，炫耀他们的服装，发型和帮派同盟。
蜂蜜之地,2019,2019-08-29,纪录,89,79,土耳其语,Tamara Kotevska,Ljubomir Stefanov,"If one breaks the rule, everyone pays the price.",哈迪丝与患病的母亲居住在马其顿山区，依靠古老养蜂技艺维持生计。当一户不安分的人家搬到隔壁，起初看似慰藉她孤独的陪伴，却因对方同样想要养蜂却无视她的劝告，逐渐演变成矛盾的根源。
刻在你心底的名字,2020,2020-09-30,"爱情,剧情",114,79,-,柳广辉,瞿友宁,蓦然回首，你心中想起的会是哪个名字？,1987 年台湾解除戒严，家汉和王柏德在家庭压力、恐同和世俗偏见的夹缝中相恋。
阿玛柯德,1973,1973-12-18,"喜剧,剧情",123,79,意大利语,费德里科·费里尼,托尼·诺格拉,费里尼的奇幻世界！,三月，空气中纷飞飘扬着轻软絮草，教堂的钟响回荡在石板路上，小镇的春天就此揭开序幕。时序回到三零年代亚德里亚海边的小城，墨索里尼的极右理想仍是信奉的教条，建筑工人老爸、家庭主妇老妈、游手好闲的舅舅、顽皮的小弟，男孩在天主教、法西斯和义大利传统家庭价值中，迎接他的青春与成长。教室里捉弄老师的恶作剧、教堂里担心手淫的忏悔、乡村海边的热闹婚宴，费里尼从容随意地摘选撷取小镇生活的切片与轶事，密密织就一片记忆之网，在时代洪流与个人思忆之间相互辉映。
刑男大主厨,2007,2007-09-26,"剧情,喜剧,悬疑,犯罪",113,79,葡萄牙语,Marcos Jorge,Lusa Silvestre,"An adult fable on power, sex and cooking",监狱外的莱蒙多•诺南多（João Miguel 饰）身无分文，走投无路。在吃过霸王餐后，他留在佐米罗（Zeca Cenovicz 饰）的餐馆里帮工。他所做的炸鸡块招揽来许多顾客，既赢得了妓女伊丽雅（Fabiula Nascimento 饰）的芳心，也得到另一家餐馆的老板吉奥瓦尼（Carlo Briani 饰）的赏识……
罗马妈妈,1962,1962-09-22,剧情,106,79,意大利语,皮埃尔·保罗·帕索里尼,,简介,“罗马妈妈”（安娜•麦兰妮 Anna Magnani 饰）将十六岁的儿子艾萄里（Ettore Garofolo 饰)从乡下接到城里，艾萄里多年不见母亲，显得害羞和沮丧。妈妈在屋里放起音乐邀请儿子一起跳探戈舞。她在城里的集市上做着蔬果的买卖，总是告诫艾萄里不要和他的狐朋狗友混在一起。艾萄里经朋友介绍喜欢上一个已经有小孩的妓女，并且卖掉妈妈的老唱片换钱给妓女买礼物。妈妈得知此事十分担心，委托好友引诱艾萄里使他忘记那个妓女，并且帮儿子找了一份工作，看着儿子日渐走上正轨，妈妈很高兴。而此时当年罗马妈妈的皮条客找到了她，用告诉艾萄里她的不堪过往来勒索钱财，罗马妈妈被迫无奈重操旧业……
摔跤吧！爸爸,2016,2016-12-23,"剧情,家庭,喜剧",140,79,印地语,尼特什·提瓦瑞,尼基尔·麦罗特拉,简介,马哈维亚·辛格·珀尕（阿米尔·汗 Aamir Khan 饰）曾是印度国家摔跤冠军，因生活所迫放弃摔跤。他希望让儿子可以帮他完成梦想——赢得世界级金牌。结果生了四个女儿本以为梦想就此破碎的辛格却意外发现女儿身上的惊人天赋，看到冠军希望的他决定不能让女儿的天赋浪费，像其他女孩一样只能洗衣做饭过一生 ，再三考虑之后，与妻子约定一年时间按照摔跤手的标准训练两个女儿：换掉裙子 、剪掉了长发，让她们练习摔跤，并赢得一个又一个冠军，最终赢来了成为榜样激励千千万万女性的机会……
放手再爱,2024,2024-11-01,剧情,110,79,瑞典语,Josephine Bornebusch,,"Sometimes, letting go is the only way to hold on.",一位筋疲力竭的母亲带着一家人出行，陪同十几岁的女儿参加钢管舞比赛 — 这是她为了维系这个家而做出的最后努力。
想哭的我戴上了猫的面具,2020,2020-06-18,"动画,剧情,爱情,奇幻",104,79,日语,柴山智隆,佐藤顺一,The magic that brought us closer.,爱知县常滑市，中学2年级学生笹木美代与日之出贤人是同班同学，但两人之间却有着捉摸不到的距离感。有一天笹木获得了能变成猫的不可思议的面具，变成猫的她与日之出的距离得以接近。
风烛泪,1952,1952-01-20,剧情,89,79,意大利语,维托里奥·德西卡,切萨雷·扎瓦蒂尼,简介,维托里奥·德·西卡的这部新现实主义杰作，跟随一位老年养老金领取者，讲述他在意大利战后经济复苏时期勉力维持生计的故事。除了他的狗弗莱克，翁贝托孤独无依。在一个人情似乎已被现代化力量吞噬的城市里，他竭力维护着自己的尊严。他为满足基本需求——食物、住所、陪伴——所做的简单抗争，构成了影史上最令人心碎的故事之一，亦是世界电影不可或缺的经典。[标准收藏]
阿波罗11号,2019,2019-03-01,"纪录,历史,剧情",93,79,英语,Todd Douglas Miller,,A Cinematic Event 50 Years In The Making,导演托德·道格拉斯·米勒带来这部历时五十年酝酿的影像盛宴。影片从新近发现的一批65毫米胶片素材及超过一万一千小时的未归档音频记录中精心构筑，将我们直接带入美国国家航空航天局最负盛名的任务核心——人类首次登月，令尼尔·阿姆斯特朗与巴兹·奥尔德林的名字永远镌刻于历史。我们沉浸于宇航员、任务控制中心团队以及地面数百万观众的视角，生动体验1969年那些改变人类命运的日夜——当人类向未来迈出巨大一步的时刻。
自闭历程,2010,2010-02-06,"剧情,历史",107,79,英语,Temple Grandin,Margaret Scarciano,Autism gave her a vision. She gave it a voice.,本片根据自幼患有自闭症的美国动物科学家、畜牧学博士——天宝·葛兰汀（克莱尔·丹尼斯 Claire Danes饰）的个人自传改编而成，讲述天宝与众不同的成长经历。
天才枪手,2017,2017-10-13,"剧情,犯罪,惊悚,喜剧",130,79,泰语,纳塔吾·彭皮里亚,塔妮达·汉塔维瓦塔娜,天才学生只有一个目标：把考试答案变成百万财富。,影片根据2014年轰动一时的亚洲考场作弊案改编，讲述了天才学霸利用高智商考场作弊牟取暴利的故事。出生平凡的天才少女Lynn（茱蒂蒙·琼查容苏因 饰）在进入贵族学校后，结识了富二代同学Grace（依莎亚·贺苏汪饰）与Pat（披纳若·苏潘平佑饰），从此开始了考场作弊生涯，与此同时，另一名记忆力极佳的天才学霸Bank（查侬·散顶腾古 饰）发现了Lynn不为人知的“交易”。经过多场险象环生的“作弊战争”后，Lynn接下最后一单在国际考场上为富家子弟作弊的天价委托。一场横跨两大洲的完美作弊方案横空出世，然而一切并不像他们想的那么简单……
荒蛮故事,2014,2025-04-11,"剧情,惊悚,喜剧",122,79,西班牙语,达米安·斯兹弗隆,,We can all lose control,这是一部黑色喜剧，由6个独立的暴力复仇小故事构成。影片是一次对于人类失控行径的颠覆性创作，从怪异的幽默感，独特的画面和大胆的配乐，到对于身处绝境的普通人这一题材的偏爱，都可以清晰地看到南美鬼才导演达米安·斯兹弗隆与阿莫多瓦在创作方面的相似之处。
堤,1962,1962-02-16,"剧情,爱情,科幻",29,79,法语,克利斯·马克,,一个男人对往昔影像的执念，,一個男人在一次實驗中面對自己的過去，試圖找出解決世界大戰所造成的末世問題的方法。
驯龙高手,2010,2010-05-14,"奇幻,冒险,动画,家庭",98,79,英语,克里斯·桑德斯,迪恩·德布洛斯,一次冒险会改变两个世界,维京岛国的少年小嗝嗝（杰伊•巴鲁切尔 Jay Baruchel 配音）是部落统领伟大的斯托里克（杰拉德·巴特勒 Gerard Butler 配音）的儿子，他非常想像自己的父亲一样亲手屠龙——这些飞龙是岛上维京人放牧羊群的主要天敌——但他每次出现在部落屠龙的战斗中都只给大家徒增烦恼。在一次对抗飞龙的战斗中，希卡普偷偷用射龙器击伤了一只最神秘的“夜之怒龙”，并背着族人放生、豢养，甚至驯服了这只龙，还给它起名“无牙”。希卡普的神秘行径引起了一同训练屠龙技巧的女孩阿斯特丽德（亚美莉卡·费雷拉 America Ferrera 配音）的怀疑。阿斯特丽德发现了希卡普的秘密，却同时被身骑“无牙”御风而飞的美妙体验所震撼。格雷决定在屠龙成人礼上向远征归来的斯托里克和族人讲明真相，说服大家放弃屠龙，却偏偏弄巧成拙，害得“无牙”被俘，一场更大的灾难就在眼前……
呼喊与细语,1972,1973-03-05,剧情,95,79,瑞典语,英格玛·伯格曼,,身着白衣的四位女子，置身于猩红宅邸之中……耳畔萦绕着低语与哭泣。,艾格尼丝（哈里特·安德森 Harriet Andersson饰）、玛丽亚（丽芙·乌曼 Liv Ullmann饰）和卡琳（英格里德·图林 Ingrid Thulin饰）虽然是三姊妹，各人内心却有着积重难返的隔膜和疏离。艾格尼丝身患绝症，生命将近，守护在她身边的是女仆安娜。艾格尼丝没有得到过母亲完整的爱，死前妄想让关系紧张的姐妹变得珍爱彼此，却一再事与愿违。
帝国的毁灭,2004,2004-09-16,"剧情,历史,战争",156,79,德语,梅丽莎·穆勒,特劳德·琼格,"April 1945, a nation awaits its... Downfall",描绘二战末期希特勒在柏林地堡中最后时光的肖像。
少年泰坦：东京攻略,2006,2006-09-15,"动画,动作,科幻,电视电影",75,79,英语,Michael Chang,Matt Youngberg,The Titans go ninja on the notorious villain Brushogun in their awesome first feature-length movie.,改编自DC漫画超级英雄团队少年泰坦。动画讲诉了少年泰坦之塔被日本忍者Saico-Tek攻击，少年泰坦们守护了塔却并抓住Saico-Tek审问出幕后黑手的名字-Brushogun，于是前往日本东京寻找，但却遭遇语言不通与怪兽袭击，在明白Brushogun是都市传说后，真正的幕后黑手真相却逐渐浮出水面。
纸月亮,1973,1973-05-09,"喜剧,犯罪,剧情",102,79,英语,彼得·波格丹诺维奇,乔·戴维·布朗,正如P.T.巴纳姆所言：“每分钟都有傻瓜诞生。”,莫塞斯（瑞安·奥尼尔 Ryan O'Neal 饰）并不是一个本分的商人，即使干的是推销圣经的行当，也并不能阻止他使用一些上不了台面的手段。一场车祸夺取了莫塞斯的情人的性命，情人留下的一个小女儿埃迪（塔图姆·奥尼尔 Tatum O'Neal 饰）成了莫塞斯的负担。在向肇事者要得200美元后，莫塞斯决定将埃迪送往她的姨妈家去。在路上，埃迪展现了她天才般的口才和推销才能，让莫塞斯大赚了一笔，这对假父女之间也产生了真感情。然而，得意忘形的两人不慎掉入了一个圈套之中。一番波折之后，有惊无险的二人终于抵达了终点，但看着即将离自己而去的埃迪，一种名叫“不舍”的情感充满了莫塞斯的内心。
怪物少女妮莫娜,2023,2023-06-23,"动画,家庭,奇幻,冒险,科幻,动作",99,79,英语,尼克·布鲁诺,特洛伊·奎恩,一个新英雄的诞生。,为了证明自己的清白，一名被诬陷犯下重罪的骑士与擅长变形的好斗少女联手。但如果这名少女正是他曾立誓要消灭的怪物，他又该如何是好？
谁可以这样爱我,2022,2022-01-21,"爱情,剧情,西部",134,79,英语,D.J.卡鲁索,弗朗辛·里弗斯,Never look back. Never look forward.,电影以1850年代加州淘金热为背景，讲述了一对年轻夫妇的爱情与残酷的现实之间的冲突。本片改编自法兰辛·里弗斯的同名小说。
猎人之夜,1955,1955-07-26,"犯罪,剧情,惊悚",92,79,英语,查尔斯·劳顿,Davis Grubb,It’s a hard world for little things.,令人难以置信的是，这部独一无二的杰作竟是伟大演员查尔斯·劳顿此生执导的唯一电影。这部兼具格林童话特质的恐怖片中，罗伯特·米彻姆以极致邪恶的演绎化身游历传教士哈利·鲍威尔，他与脆弱寡妇的婚姻隐藏着骇人动机，最终被寡妇惊恐的幼子识破。影片萦绕着诡异之美与隐秘的幽默感，这部汇聚了女演员莉莲·吉什与作家詹姆斯·艾吉才华的缥缈而表现主义的美国经典，堪称电影史上对善恶之争最离奇的诠释。[标准收藏公司]
大幻影,1937,1944-09-07,"剧情,历史,战争",114,79,法语,让·雷诺阿,查尔斯·斯帕克,一场人类情感的宏大戏剧。,三名法国飞行员在一次任务执行中被德军击落，波迪奥、迈克和罗森塔尔三人被带到战俘集中营。波迪奥与德军监狱长罗芬斯坦都是贵族出身，有着共同的政治见解，二人在狱中成为朋友。三人随后发现狱友正进行越狱计划，他们挖出一条逃跑的通道。迈克和罗森塔尔也加入了挖掘行动。最后他们集体越狱，德军全力追捕，在逃亡中，波迪奥被罗芬斯坦击倒，两名法国俘虏迈克和罗森塔尔逃到一个德国农妇家中，在她的帮助下，二人经过种种波折逃到瑞士。
刀剑神域进击篇：无星之夜,2021,2023-05-20,"动画,动作,奇幻,科幻",97,79,日语,河野亚矢子,川原砾,一切都从这里开始,这是“闪光”与“黑衣剑士”被以这个名字称呼之前的故事。本是和网络游戏无缘的中学三年级的少女结城明日奈，在那一天偶然发现了 NERvGear。但却被游戏管理员告知：这虽然是游戏，但可不是闹着玩的。在游戏中死亡，也将会在现实世界里死去。听到这里的全部玩家们开始混乱起来，其中之一便是亚丝娜。在向死而生的这个世界拼命生存的过程中，命运般的邂逅降临在了亚丝娜身边。然后离别。在她眼前出现的是，被眼前的现实所玩弄于掌心，却依然拼命战斗的孤高的剑士·桐人。
拯救小鸡蛋,2021,2021-08-12,"动画,喜剧,冒险,家庭",89,79,西班牙语,Rodolfo Riva Palacio Alatriste,Gabriel Riva Palacio Alatriste,简介,一只公鸡和他的家禽伙伴踏上了前往刚果的危险之旅，以从一群俄罗斯暴徒手中夺回被盗的鸡蛋。
初恋这首情歌,2016,2020-08-07,"爱情,剧情,音乐,喜剧",106,79,英语,约翰·卡尼,,Boy meets girl. Girl unimpressed. Boy starts band.,80年代的爱尔兰，14岁男孩康纳（昵称“宇宙”）在学校倍受同学欺负，只好从音乐中寻找慰籍。“宇宙”喜欢上了比他高一级的女孩拉菲娜，同时欣喜的发现她也是个音乐迷。为了打动拉菲娜，完全不会演奏任何乐器的“宇宙”决定组建乐队，并拍摄音乐录影带。这个原本异想天开的冲动念头，随着“宇宙”的努力和对音乐的进一步了解逐渐变的越来越真实。两个人甚至决定搬到摇滚乐之都伦敦，去实现他们的音乐梦想。
文森特,1982,1982-10-01,"动画,奇幻",6,79,英语,蒂姆·伯顿,,"While other kids read books like ""Go Jane, Go"" Vincent's favorite author is Edgar Allan Poe.",年仅七岁的文森特，他总是表现出很有教养，并且做大人让他做的事。但他又是一个爱幻想的男孩，他的脑子里充满了各式各样的古怪而新奇的念头，却受到成人社会的压抑 ，他陷入到深深的孤独之中，活在冥想中那充满鬼怪的世界里。文森特最喜欢的作家是爱伦坡（Edgar Allen Poe）。一天晚上，当他在读一本令人后怕的书的时候，幻想着自己是恐怖演员，饰演将妻子活埋后不堪精神重负的凶手。他挖开她的墓去确定她是否还活着，他并没有意识到那是他母亲的花圃，文森特的母亲将他关在房间里，他知道他不得不被驱逐到末日之塔，他被判在那儿度过他的一生并长眠，孤身一人，只有他美丽的妻子的画像为伴，当他孤独的“墓穴”中只剩他混乱的思想…… 蒂姆•伯顿拍摄完成《文森特》之后迪斯尼公司的高层认为这部作品恐怖、阴暗，不适宜儿童观看因而将之封杀。本片荣获1984年渥太华国际动画电影节观众奖。
泳者之心,2024,2024-05-31,"历史,剧情",129,79,英语,乔阿吉姆·罗恩尼,杰夫·内桑森,Defy the odds.,影片根据真实历史事件改编，银幕再现首位游泳横渡英吉利海峡的女泳者传奇经历。无惧时代禁锢和社会偏见，特鲁迪·埃德尔（黛西·雷德利 Daisy Ridley 饰）破纪录跨越34公里天堑，直面惊涛骇浪，克服水母刺蜇……
天赐灵机,2021,2021-10-22,"动画,科幻,家庭,喜剧",106,79,英语,Sarah Smith,Jean-Philippe Vine,Best Friend Forever* (*battery life may vary).,在一个行走、交谈、数字连接的机器人已经成为孩子们最好的朋友的世界里，《天赐灵机》讲述了一个11岁的男孩发现他的机器人伙伴不太工作的故事。
马戏之王,2017,2018-02-01,剧情,105,79,英语,珍妮·比克斯,迈克尔·格雷西,The impossible comes true.,《马戏之王》取材自真人真事，好莱坞全能巨星休·杰克曼在片中饰演“马戏团鼻祖”、传奇人物 P.T.巴纳姆。故事讲述了身处社会底层的巴纳姆依靠自己无穷想象力和锲而不舍的精神，从经营博物馆到一手开创世界上第一家马戏团的故事。巴纳姆的奇思妙想最开始并不被大众所认可，几乎没人花钱欣赏，他的家人好友帮他度过一次次绝境。在经历了一系列挫折、与合作伙伴的分歧之后，秉持梦想的他终于成为全美甚至全世界最为知名的 “造梦大师”。
千年女优,2002,2002-09-14,"动画,剧情,爱情",87,79,日语,今敏,村井贞之,光影的魔力，记忆的谜题。,60岁的立花源也和28岁的摄影师井田恭二不远千里跋山涉水上门去拜访隐居了三十年的一代影星藤原千代子，为了给她拍摄一生自传的纪录片。款款前来的千代子虽已75岁高龄，但仍然优雅美丽，左眼下标志性的小痣也仍然俏皮。立花双手递上一把钥匙，千代子深受震动，称这把钥匙是开启一个秘密的关键，当年她不慎丢失，今日竟还能再回手中。千代子的思绪飞到老远。 1926年9月1日，藤原千代子呱呱坠地，水灵清秀的她16岁就被星探发掘，然而直到遇上一个画家，她救他于乱世中，藏于自家仓库内，他有一把钥匙，说这是开启秘密的关键，并承诺再与她重逢时带她去看北海道的雪。然而次日千代子放学归家时画家已经因为逃开追捕逃离远去，留下了那把开启最珍贵的东西的钥匙。千代子自此进入电影圈，只因为画家最后说他会去满洲作战，而第一部电影承诺会去满洲取景。从此千代子的银幕生涯拉开，拍摄了代表日本战国、幕府、大正及昭和等四个不同时期的大时代爱情故事。在每一个故事里，千代子都在奔跑，追寻着自己的真爱。场景与她本身的故事糅合在一起，虚实难分。立花和井田紧随其后身临其境，时而变成故事中人物。在一次地震中，千代子丢失了钥匙，突然感觉心里缺了什么似的，心灰意冷。自感过了爱梦想的年纪。然而到后来她发现钥匙的丢失是一个精心布下的骗局，千代子认清事实后决意继续找寻自己少女时代的所爱。
新科学怪人,1974,1974-12-15,喜剧,106,79,英语,梅尔·布鲁克斯,玛丽·雪莱,The scariest comedy of all time!,在这部对恐怖片的戏谑模仿中，那位恶名昭彰的弗兰肯斯坦博士的孙子，心不甘情不愿地决定追随祖父的脚步。
怪兽电力公司,2001,2001-11-02,"动画,喜剧,家庭,奇幻",92,79,英语,皮特·多克特,丹尼尔·格森,这并非针对个人，只是职责所在。,我们不知道，在那样的世界里住着那样一群怪物。他们长相滑稽，却必须装作狰狞。因为，在夜深的时候，他们要悄悄的出现在孩子的衣橱里，吓唬刚刚甜美睡去的宝宝。一切，只因为他们是怪物电力公司的员工，而孩子的尖叫，则是怪物王国发电的全部能量。怪物们害怕孩子，却又必须让孩子尖叫。在怪物的国度里，他们都是为全民造福的英雄。
完美陌生人,2016,2018-05-25,剧情,97,79,意大利语,保罗·杰诺维塞,保拉·马米尼,每个人都有三种生活：公众生活、私人生活……和秘密生活。,"三对处于各个婚姻阶段的伴侣和一个宅男，七人聚在一起吃晚餐。女主人提议下拍板决定当夜所有人分享每一个电话、每一条短信、邮件的内容,由此许多秘密开始不再是秘密，他们之间的关系也开始发生波动。无数疮痍在这场“坦白局”中被揭开，复杂的男女情感让所有人陷入困局，什么是婚姻感情中最不可触碰的底线？众人遭遇是难言的禁忌还是隐藏的真心，月食过后，谎言能否继续？"
码头风云,1954,1954-07-28,"犯罪,剧情,爱情",108,79,英语,伊利亚·卡赞,巴德·舒尔伯格,这个男人遵循着码头丛林的生存法则！,马龙·白兰度演绎其生涯代表作，饰演由退役拳击手转行的码头工人特里·马洛伊。这部城市诗篇般的杰作，以粗粝而情感澎湃的笔触描绘个体挫败与社会腐败。随着当局逐渐逼近，特里陷入日益深重的道德危机——他必须在忠于与黑帮勾结的工会头目约翰尼·弗兰德利（李·科布 饰）及其心腹、特里的哥哥查利（罗德·斯泰格尔 饰）之间做出抉择。在伊利亚·卡赞鲜活而充满自然主义色彩的执导，与巴德·舒尔伯格犀利又深谙市井的剧本驱动下，本片问世即引发轰动，斩获八项奥斯卡奖，包括最佳影片、最佳导演、最佳男主角、最佳女配角（爱娃·玛丽·森特）及最佳剧本。
美丽心灵,2001,2002-06-09,"剧情,爱情",135,79,英语,朗·霍华德,阿齐瓦·高斯曼,He saw the world in a way no one could have imagined.,这是一部关于一个真实天才的极富人性的剧情片。英俊而又十分古怪的数学家小约翰纳什念研究生时便发明了他著名的博弈理论，短短26页的论文在经济、军事等领域产生深远的影响，他开始享有国际声誉。但纳什出众的直觉受到了精神分裂症的困扰，使他向学术上最高层次进军的辉煌历程发生了巨大改变。面对这个曾经击毁了许多人的挑战，纳什在深爱着他的妻子艾丽西亚的相助下，与被认为是只能好转、无法治愈的疾病作斗争。经过十几年的不懈努力，完全通过意志的力量，他一如既往地坚持工作，并于1994年获得诺贝尔奖，他在博奕论方面颇具前瞻性的工作也成为20世纪最具影响力的理论。这是一个真人真事的传奇故事，今天纳什继续在他的领域中耕耘着。
夺宝奇兵3：圣战奇兵,1989,1989-05-24,"冒险,动作",127,79,英语,乔治·卢卡斯,菲利普·考夫曼,印第安纳·琼斯回来了，还有他的父亲,传说用耶稣在最后的晚餐中用到的圣杯喝水，便能长生不老。在一次掘金活动中，记载圣杯的碑石被发现，圣杯存在的可能吸引着大批的疯狂的人展开寻找。印第安纳琼斯博士也是他们中的一员，甚至连他的父亲老琼斯也陷入其中——但他给琼斯留下圣杯的笔记后便不知所踪。踏上威尼斯的土地，琼斯和事先约好的史奈达博士会面，他们在图书馆里凭线索找到圣盾后，却开始遭到莫名的来自十字剑兄弟的追杀。一番波折后，琼斯终于找到了老琼斯，同时，史奈达的纳粹身份暴露，笔记被抢走。圣杯随时都有可能落入纳粹的手中。于是，琼斯父子俩开始联袂上演拯救圣杯的精彩大戏！
养家之人,2017,2018-04-21,"动画,战争,剧情",94,79,英语,Nora Twomey,Anita Doron,简介,故事的主人公是一个阿富汗女孩Parvana，她们一家生活在塔利班的严酷统治之下，Parvana的爸爸被迫害入狱，为了养家糊口，她只能伪装成男孩打工挣钱。同时该片还将展现阿富汗地区的文化、历史以及风景名胜。
少年魔法师特别版：双面艾莉斯,2013,2013-03-15,"家庭,喜剧,电视电影,奇幻",60,79,英语,Victor Gonzalez,Dan Berendsen,Everything is not what it seems.,鲁索一家去意大利探亲戚，艾利克斯试图证明她不仅仅是⼀个看似无忧无虑的年轻魔法师，却无意中念了一个咒语，创造了⼀个善良的自己和⼀个邪恶的自己。
The Legend of La Llorona,2011,2011-10-21,"动画,家庭,奇幻,恐怖",75,79,西班牙语,Alberto Rodríguez,Ricardo Arnaiz,简介,"Based on a famous Mexican legend, a group of kids must stop the ghost of a woman whose guilt over the drowning of her own children leads her to abduct youngsters who wander the woods at night."
小妇人,2019,2020-08-25,"剧情,爱情",135,79,英语,格蕾塔·葛韦格,路易莎·梅·奥尔科特,Own your story.,影片汲取路易莎·梅·奥尔科特的经典小说与其创作生涯的双重灵感，以作者的化身——乔·马奇对其虚构人生的往复追忆展开叙事。在编剧兼导演格蕾塔·葛韦格的诠释中，马奇家四姐妹各执决心、追寻自我的动人故事，既焕发着历久弥新的永恒光辉，亦激荡着与当下共鸣的时代回响。
冰血暴,1996,1996-03-08,"犯罪,剧情,惊悚",98,79,英语,乔尔·科恩,伊桑·科恩,一个朴实的谋杀故事。,明尼阿波里斯市的汽车销售员杰里·隆高德深陷债务泥潭。急于获取现金的他，雇佣了两名蹩脚的歹徒绑架自己的妻子，企图让妻子富有的父亲支付赎金，以此获取足够的钱来偿还同伙并摆脱债务。
正义的慈悲,2019,2019-12-25,"剧情,犯罪,历史",136,78,英语,德斯汀·丹尼尔·克雷顿,Bryan Stevenson,Every generation has its hero. Meet ours.,《正义的慈悲》将由德斯汀·克里顿(《少年收容所》《玻璃城堡》)执导，Andrew Lanham(《玻璃城堡》《陋室》)操刀剧本。改编自美国律师布莱恩·史蒂文森所著畅销书《正义的慈悲：美国司法中的苦难与救赎》，讲述他如何在有缺陷的法律体系中为司法公正而奋斗，为推动美国刑事司法制度的改善做出巨大贡献。
精英部队2：大敌当前,2010,2010-10-08,"剧情,动作,犯罪",115,78,葡萄牙语,何塞·帕迪里亚,布劳利奥·曼托瓦尼,简介,"在上一集的故事结束后13年,巴西里约特别警察行动部队队长纳西门托的个人和家庭生活成为了《精英部队2》的主线。里约特别警察行动在一次平复监狱暴动的行动中吃了大亏,伤了元气。队长纳西门托虽然平步青云,但也因为这次事件的影响受到了牵连。这时候,一场大规模的政治斗争在巴西的土地上燃烧开来,上至总统贵族,下至贩夫走卒,统统都受到了影响。不仅仅是警察局、连军队和特别警察部门都惹了麻烦。不过,对于纳西门托来说,他不仅有外患,而且还有内忧。他的正值青春期的孩子渐渐脱离了纳西门托的监管,跑到了里约热内卢的街头,做了一个小混混。他的这种行为,直接对他的继父产生了巨大的影响。在这个年龄,在这样的一个国家,纳西门托要如何才能安身立命,要如何才能安稳地活下去?"
入殓师,2008,2008-09-13,剧情,130,78,日语,泷田洋二郎,小山薰堂,人生最后一场告白,由于乐队解散，大提琴手小林大悟（本木雅弘饰）就此失业。他和妻子美香（广末凉子饰）一起离开东京回到了老家山形县。然而即使在山形，没有实用一技之长的大悟还是很难找到工作。 “年龄不限，高薪保证，实际劳动时间极短。诚聘旅程助理。”一张条件惹眼的招聘广告吸引了大悟，不料当他拿着广告兴冲冲跑到NK事务所应征时却得知——“啊，那个是误导，我们要找人给去那个世界的人当助理。”事务所老板佐佐木（山崎努饰）向大悟说明了工作性质，所谓的“旅程助理”其实就是入殓师，负责将遗体放入棺木并为之化妆。 大悟踌躇良久，但还是接受了这份工作。他含糊其辞地对美香说自己当的是婚葬仪式助理，让她误以为是婚礼助理。 人妖青年、舍下幼女去世的母亲、带着无数吻痕寿终正寝的老爷爷，在各式各样的死别中，大悟渐渐喜欢上了入殓师这份工作。然而美香知道真相后，和他吵了起来……
热天午后,1975,1975-09-21,"犯罪,剧情,惊悚",125,78,英语,西德尼·吕美特,弗兰克·皮尔森,三伏天里，任何事情都可能发生。1972年8月22日，所有事情都发生了。,一名男子为支付爱人的手术费抢劫银行，事件演变成人质危机与媒体闹剧。
犬之岛,2018,2018-04-20,"冒险,喜剧,动画",101,78,英语,韦斯·安德森,野村训市,不离不弃 不负众汪,韦斯·安德森以神奇的定格动画构想出一个反乌托邦的未来日本。犬类病毒爆发后，巨崎市所有的狗被放逐至一座庞大的垃圾岛。当12岁的小男孩、市长的养子阿塔里为拯救爱犬点点踏上征程，他遇到了一群杂种狗朋友，共同展开了一场史诗般的营救征程。影片创新性地融合英语与日语对白，汇聚布莱恩·科兰斯顿、格蕾塔·葛韦格、杰夫·高布伦、斯嘉丽·约翰逊、小野洋子、兰金·科尤等跨文化配音阵容。这部关于忠诚与反抗的寓言，将安德森标志性的主题——局外人之间的友谊、反叛的冒险——与动画叙事的无限可能巧妙结合。[标准收藏]
黑鲸,2013,2013-07-19,纪录,83,78,英语,Gabriela Cowperthwaite,Eli Despres,Never capture what you can't control.,被圈养的表演虎鲸蒂利库姆已造成三人死亡，其中包括一名顶尖的虎鲸驯养员。本片揭示了捕捉与禁锢此类高智慧且有感知能力的生物，有时可能带来的灾难性后果。
A Movie of Eggs,2006,2006-04-21,"动画,喜剧,家庭",90,78,西班牙语,Rodolfo Riva Palacio Alatriste,Gabriel Riva Palacio Alatriste,简介,"A small egg named Toto decides that he wants to fulfill his purpose in life and become a chicken instead of dying in a frying pan; so he starts a quest to return to the farms along with his new friend, the noisy egg Willy and a crazy bacon stripe. The three friends will face lot of obstacles in their quest."
处女泉,1960,1960-02-08,"剧情,历史",89,78,瑞典语,英格玛·伯格曼,乌拉·伊萨克松,被蹂躏的纯真……必将招致可怕的复仇！,早上，虔诚的农场主陶尔（马克斯·冯·西多Max von Sydow 饰）夫妻做过了祷告，随后安排女儿卡琳（布里姬塔·彼得森 Birgitta Pettersson 饰）骑马为教堂送一些蜡烛，卡琳穿上了新制的盛装，邀请家里的养女英格丽（冈内尔·林德布洛姆 Gunnel Lindblom 饰）同行。有孕在身的英格丽性格放纵，并一直嫉妒卡琳的明媚人生，出行前，英格丽在食物中塞进了一只蛤蟆。行至一片森林前，英格丽让卡琳独自上路而自己尾随观察。林中的三个牧羊人看到孤身一人的卡琳顿起歹意，他们奸污后又打死了卡琳，掳走她的外套。傍晚，三名牧羊人投宿陶尔家中，向陶尔妻子兜售卡琳的衣物，惊慌的英格丽亦同时回到家中，一问之下真相大白，她向陶尔忏悔了自己诅咒卡琳的罪行。陶尔沐浴更衣，以白桦树枝抽打自己后，决意用很双手为女儿报仇，怒而杀死三个牧羊人。第二天早上，特利夫妇找到女儿的尸体并发誓要在这里盖一座寺庙，就在他们抱起卡琳时，从卡琳头下的地上冒出一眼泉水来。 特利夫妇以为是这上帝的施恩。本片获1961年奥斯卡最佳外语片奖，1960年戛纳电影节特别推荐奖。
与狼共舞,1990,1990-11-09,"冒险,剧情,西部",181,78,英语,凯文·科斯特纳,迈克尔·布莱克,Inside everyone is a frontier waiting to be discovered.,邓巴中尉（凯文•科斯特纳 Kevin Costner 饰）在南北战争中立了大功，政府为了褒奖他，给了他任意选择驻地的特权。邓巴渴望着一种全新的生活，于是选择了遥远偏僻的西部哨所塞克威克。这里住着大量的印第安苏族人。 一开始苏族人把他的到来有着抗拒，当邓巴主动接近和了解他们的生活，并搭救了一个从小在苏族长大的白人少女后，族人和他之间的关系开始回暖。他得到了一个印第安名字：与狼共舞。邓巴的骑术让族人惊叹，他的善良被大家称赞，和白人少女也日久生情。一次对抗外族入侵的战争中，邓巴更是被封为了苏族人的民族英雄。 然而马背文化的没落已成必然，白人士兵来到这片土地，驱赶苏族人，捕捉“叛徒”邓巴，这片朴实的土地慢慢改变了容颜……
